Sector,District,Just Moved - Index
AL1 1,AL1,93
AL1 3,AL1,95
AL1 4,AL1,86
AL1 5,AL1,87
AL2 1,AL2,86
AL2 3,AL2,71
AL3 4,AL3,85
AL3 5,AL3,84
AL3 7,AL3,72
AL3 8,AL3,72
AL4 9,AL4,76
AL5 1,AL5,90
AL5 2,AL5,94
AL5 3,AL5,90
AL5 4,AL5,91
AL5 5,AL5,90
AL8 7,AL8,77
AL9 5,AL9,84
AL9 7,AL9,86
AL10 8,AL10,87
AL10 9,AL10,96
B1 1,B1,99
B1 2,B1,99
B1 3,B1,100
B2 4,B2,100
B2 5,B2,100
B3 1,B3,99
B3 2,B3,100
B3 3,B3,94
B4 6,B4,99
B5 4,B5,99
B5 5,B5,99
B5 6,B5,98
B5 7,B5,82
B12 0,B12,98
B12 9,B12,78
B13 8,B13,83
B14 7,B14,85
B15 1,B15,98
B15 2,B15,97
B15 3,B15,94
B16 8,B16,99
B16 9,B16,96
B17 0,B17,95
B17 9,B17,94
B18 6,B18,99
B19 3,B19,74
B23 6,B23,75
B24 8,B24,71
B24 9,B24,78
B26 1,B26,75
B26 3,B26,89
B28 0,B28,77
B29 6,B29,77
B29 7,B29,75
B30 2,B30,74
B31 2,B31,72
B43 7,B43,73
B44 8,B44,71
B67 5,B67,93
B68 0,B68,75
B72 1,B72,70
B73 5,B73,74
B74 2,B74,81
B74 4,B74,78
B75 5,B75,90
B75 7,B75,80
B76 9,B76,81
B77 1,B77,77
B77 4,B77,71
B77 5,B77,85
B78 1,B78,71
B78 3,B78,70
B90 1,B90,83
B90 3,B90,73
B90 4,B90,70
B90 8,B90,80
B91 1,B91,84
B91 2,B91,87
B91 3,B91,77
B92 8,B92,78
B92 9,B92,78
B93 0,B93,82
B97 4,B97,86
BA1 1,BA1,96
BA1 2,BA1,93
BA1 3,BA1,74
BA1 4,BA1,73
BA1 5,BA1,89
BA1 6,BA1,85
BA1 9,BA1,84
BA2 3,BA2,91
BA2 4,BA2,78
BA2 5,BA2,79
BA2 6,BA2,84
BA2 9,BA2,88
BA3 3,BA3,72
BA8 0,BA8,73
BA9 9,BA9,83
BA10 0,BA10,78
BA11 1,BA11,79
BA11 6,BA11,78
BA13 2,BA13,88
BA13 3,BA13,80
BA14 0,BA14,71
BA14 7,BA14,73
BA20 1,BA20,96
BA20 2,BA20,85
BA21 3,BA21,70
BA21 4,BA21,82
BA22 9,BA22,77
BB1 4,BB1,71
BB1 9,BB1,75
BB2 2,BB2,77
BB2 7,BB2,78
BB3 1,BB3,92
BB3 2,BB3,79
BB4 5,BB4,78
BB4 6,BB4,73
BB4 7,BB4,80
BB5 2,BB5,75
BB5 5,BB5,83
BB6 8,BB6,87
BB7 1,BB7,85
BB8 8,BB8,78
BB9 6,BB9,89
BB11 1,BB11,98
BB11 4,BB11,93
BB12 6,BB12,80
BB12 7,BB12,79
BD1 1,BD1,99
BD1 2,BD1,94
BD1 3,BD1,93
BD1 4,BD1,95
BD1 5,BD1,94
BD2 3,BD2,75
BD10 0,BD10,70
BD10 8,BD10,75
BD11 1,BD11,71
BD11 2,BD11,77
BD12 0,BD12,86
BD13 1,BD13,70
BD13 3,BD13,76
BD13 4,BD13,85
BD13 5,BD13,77
BD15 0,BD15,91
BD15 8,BD15,91
BD15 9,BD15,80
BD16 1,BD16,88
BD16 2,BD16,70
BD16 4,BD16,82
BD17 5,BD17,79
BD17 7,BD17,95
BD18 3,BD18,75
BD18 4,BD18,78
BD19 3,BD19,72
BH1 1,BH1,96
BH1 2,BH1,98
BH1 3,BH1,86
BH1 4,BH1,84
BH2 5,BH2,95
BH2 6,BH2,86
BH3 7,BH3,91
BH4 8,BH4,82
BH5 1,BH5,83
BH5 2,BH5,85
BH6 3,BH6,78
BH7 6,BH7,71
BH7 7,BH7,83
BH8 8,BH8,91
BH9 1,BH9,90
BH9 2,BH9,88
BH10 4,BH10,70
BH10 6,BH10,86
BH12 1,BH12,84
BH12 2,BH12,75
BH14 0,BH14,79
BH14 8,BH14,80
BH14 9,BH14,77
BH15 1,BH15,93
BH17 8,BH17,77
BH22 9,BH22,84
BH24 4,BH24,82
BL0 0,BL0,89
BL0 9,BL0,77
BL1 1,BL1,78
BL1 4,BL1,74
BL1 5,BL1,83
BL1 7,BL1,78
BL2 3,BL2,81
BL2 4,BL2,75
BL5 1,BL5,73
BL5 2,BL5,77
BL5 3,BL5,90
BL6 4,BL6,82
BL6 5,BL6,84
BL6 6,BL6,81
BL7 8,BL7,77
BL7 9,BL7,91
BL9 5,BL9,76
BN1 1,BN1,100
BN1 2,BN1,98
BN1 3,BN1,97
BN1 4,BN1,98
BN1 5,BN1,91
BN1 6,BN1,90
BN1 7,BN1,77
BN1 9,BN1,90
BN2 0,BN2,91
BN2 1,BN2,97
BN2 3,BN2,97
BN2 4,BN2,93
BN2 5,BN2,82
BN2 8,BN2,72
BN2 9,BN2,94
BN3 1,BN3,95
BN3 2,BN3,95
BN3 3,BN3,92
BN3 4,BN3,90
BN3 5,BN3,86
BN3 6,BN3,91
BN3 7,BN3,71
BN7 1,BN7,79
BN11 1,BN11,95
BN11 2,BN11,82
BN11 3,BN11,97
BN11 4,BN11,88
BN11 5,BN11,74
BN12 5,BN12,84
BN13 2,BN13,73
BN14 7,BN14,80
BN14 8,BN14,83
BN15 0,BN15,72
BN15 9,BN15,71
BN16 1,BN16,78
BN16 2,BN16,81
BN17 5,BN17,80
BN17 6,BN17,81
BN20 0,BN20,76
BN20 7,BN20,74
BN21 2,BN21,74
BN21 3,BN21,95
BN21 4,BN21,96
BN22 7,BN22,87
BN22 8,BN22,74
BN23 5,BN23,93
BN25 1,BN25,70
BN41 1,BN41,79
BN43 5,BN43,74
BR1 1,BR1,97
BR1 3,BR1,87
BR2 0,BR2,87
BR2 9,BR2,87
BR3 4,BR3,75
BR3 5,BR3,94
BR6 0,BR6,90
BR6 9,BR6,76
BR7 5,BR7,86
BR7 6,BR7,70
BS1 1,BS1,96
BS1 2,BS1,76
BS1 3,BS1,96
BS1 4,BS1,98
BS1 5,BS1,95
BS1 6,BS1,90
BS2 0,BS2,90
BS2 8,BS2,70
BS3 1,BS3,87
BS3 2,BS3,85
BS3 3,BS3,95
BS3 4,BS3,95
BS3 5,BS3,91
BS4 2,BS4,76
BS4 3,BS4,90
BS4 4,BS4,77
BS4 5,BS4,85
BS5 6,BS5,79
BS5 7,BS5,75
BS5 8,BS5,84
BS5 9,BS5,73
BS6 5,BS6,91
BS6 6,BS6,91
BS6 7,BS6,89
BS7 0,BS7,96
BS7 8,BS7,91
BS7 9,BS7,88
BS8 1,BS8,84
BS8 2,BS8,94
BS8 4,BS8,86
BS9 4,BS9,79
BS10 5,BS10,76
BS10 6,BS10,80
BS11 9,BS11,87
BS13 7,BS13,89
BS15 1,BS15,81
BS15 8,BS15,81
BS16 1,BS16,92
BS16 2,BS16,75
BS16 3,BS16,94
BS16 5,BS16,79
BS16 7,BS16,80
BS20 7,BS20,90
BS21 5,BS21,94
BS22 6,BS22,70
BS22 7,BS22,86
BS22 8,BS22,88
BS23 2,BS23,81
BS23 4,BS23,76
BS24 7,BS24,86
BS24 8,BS24,72
BS30 8,BS30,81
BS30 9,BS30,72
BS32 0,BS32,93
BS32 8,BS32,88
BS32 9,BS32,94
BS34 5,BS34,83
BS34 7,BS34,97
BS34 8,BS34,87
BS37 5,BS37,73
BS37 8,BS37,83
BS37 9,BS37,86
BS39 7,BS39,70
CA1 1,CA1,80
CA1 2,CA1,76
CA2 5,CA2,91
CA3 8,CA3,97
CA11 7,CA11,73
CB1 1,CB1,96
CB1 2,CB1,96
CB1 3,CB1,90
CB1 7,CB1,93
CB1 8,CB1,84
CB1 9,CB1,80
CB2 1,CB2,94
CB2 8,CB2,90
CB2 9,CB2,91
CB3 9,CB3,74
CB4 1,CB4,88
CB4 2,CB4,73
CB4 3,CB4,90
CB5 8,CB5,84
CB7 4,CB7,80
CB7 5,CB7,75
CB8 0,CB8,72
CB8 7,CB8,87
CB8 8,CB8,87
CB8 9,CB8,72
CB11 4,CB11,73
CB22 5,CB22,90
CB23 6,CB23,84
CB23 8,CB23,78
CB24 1,CB24,83
CB24 4,CB24,70
CB24 6,CB24,88
CB24 9,CB24,84
CB25 9,CB25,81
CF3 6,CF3,87
CF5 1,CF5,93
CF5 2,CF5,81
CF10 1,CF10,99
CF10 2,CF10,99
CF10 3,CF10,75
CF10 4,CF10,91
CF10 5,CF10,97
CF11 0,CF11,98
CF11 7,CF11,75
CF11 9,CF11,94
CF14 1,CF14,76
CF14 3,CF14,86
CF14 4,CF14,85
CF14 5,CF14,79
CF14 9,CF14,86
CF23 5,CF23,87
CF23 8,CF23,85
CF24 1,CF24,92
CF24 3,CF24,93
CF24 4,CF24,96
CF31 2,CF31,78
CF31 3,CF31,74
CF31 5,CF31,89
CF37 1,CF37,92
CF62 3,CF62,75
CF62 5,CF62,86
CF63 2,CF63,73
CF63 4,CF63,76
CF64 1,CF64,88
CF64 3,CF64,75
CF72 4,CF72,84
CF83 1,CF83,73
CF83 4,CF83,71
CH1 1,CH1,85
CH1 2,CH1,72
CH2 3,CH2,85
CH4 7,CH4,72
CH41 1,CH41,77
CH41 6,CH41,87
CH42 2,CH42,78
CH42 5,CH42,85
CH43 5,CH43,70
CH44 7,CH44,84
CH45 1,CH45,80
CH45 4,CH45,86
CH45 7,CH45,80
CH46 3,CH46,90
CH46 5,CH46,75
CH47 6,CH47,91
CH48 3,CH48,74
CH48 4,CH48,85
CH48 9,CH48,85
CH49 1,CH49,71
CH49 5,CH49,70
CH60 0,CH60,94
CH61 2,CH61,79
CH62 0,CH62,85
CH63 8,CH63,75
CH64 2,CH64,71
CH64 3,CH64,70
CH64 8,CH64,79
CH64 9,CH64,70
CH65 4,CH65,86
CH65 8,CH65,77
CH66 9,CH66,97
CM1 1,CM1,94
CM1 6,CM1,73
CM2 0,CM2,96
CM2 5,CM2,99
CM2 6,CM2,83
CM2 9,CM2,84
CM4 0,CM4,76
CM4 9,CM4,89
CM7 3,CM7,80
CM12 0,CM12,78
CM12 9,CM12,81
CM13 2,CM13,84
CM14 4,CM14,85
CM14 5,CM14,92
CM15 8,CM15,93
CM15 9,CM15,84
CM16 4,CM16,88
CM16 5,CM16,82
CM16 6,CM16,73
CM16 7,CM16,74
CM17 9,CM17,82
CM20 2,CM20,95
CM21 9,CM21,79
CM23 0,CM23,100
CM23 2,CM23,80
CM23 3,CM23,89
CM77 7,CM77,86
CO1 1,CO1,97
CO1 2,CO1,92
CO2 7,CO2,90
CO2 8,CO2,98
CO3 0,CO3,81
CO3 3,CO3,86
CO3 4,CO3,70
CO3 8,CO3,89
CO4 3,CO4,82
CO4 5,CO4,84
CO4 6,CO4,83
CO4 9,CO4,83
CO5 7,CO5,79
CO6 1,CO6,84
CO7 9,CO7,91
CO10 1,CO10,75
CO10 2,CO10,92
CO15 1,CO15,78
CO15 3,CO15,76
CR0 1,CR0,90
CR0 2,CR0,91
CR0 5,CR0,93
CR0 6,CR0,87
CR2 6,CR2,90
CR2 7,CR2,91
CR3 0,CR3,83
CR3 6,CR3,84
CR8 2,CR8,73
CR8 5,CR8,74
CT1 1,CT1,86
CT1 2,CT1,98
CT1 3,CT1,91
CT2 7,CT2,92
CT2 8,CT2,93
CT2 9,CT2,83
CT3 3,CT3,74
CT6 5,CT6,86
CT9 1,CT9,89
CT9 2,CT9,82
CT10 1,CT10,92
CT11 7,CT11,76
CT11 8,CT11,92
CT11 9,CT11,92
CT12 5,CT12,70
CT13 9,CT13,81
CT14 6,CT14,83
CT17 0,CT17,79
CT17 9,CT17,80
CT19 5,CT19,74
CT20 1,CT20,83
CT20 2,CT20,88
CT20 3,CT20,78
CV1 1,CV1,97
CV1 2,CV1,98
CV1 3,CV1,97
CV1 4,CV1,95
CV1 5,CV1,89
CV2 2,CV2,77
CV2 4,CV2,96
CV3 1,CV3,95
CV3 2,CV3,76
CV3 4,CV3,88
CV3 5,CV3,72
CV4 8,CV4,85
CV4 9,CV4,71
CV5 6,CV5,94
CV5 7,CV5,72
CV5 8,CV5,82
CV6 4,CV6,73
CV6 5,CV6,72
CV7 7,CV7,76
CV8 2,CV8,73
CV10 9,CV10,71
CV21 2,CV21,82
CV21 3,CV21,90
CV31 1,CV31,85
CV31 2,CV31,87
CV31 3,CV31,87
CV32 4,CV32,93
CV32 5,CV32,97
CV32 6,CV32,81
CV34 4,CV34,83
CV34 5,CV34,73
CV37 6,CV37,71
CV47 2,CV47,71
CV47 7,CV47,91
CV47 9,CV47,77
CW1 2,CW1,94
CW1 3,CW1,74
CW1 5,CW1,72
CW1 6,CW1,74
CW2 5,CW2,80
CW2 6,CW2,71
CW2 7,CW2,90
CW5 5,CW5,89
CW5 6,CW5,81
CW5 7,CW5,78
CW5 8,CW5,71
CW9 5,CW9,71
CW11 3,CW11,70
CW12 1,CW12,89
DA1 1,DA1,91
DA1 2,DA1,82
DA1 3,DA1,79
DA1 5,DA1,87
DA2 6,DA2,82
DA2 7,DA2,75
DA4 0,DA4,83
DA5 1,DA5,87
DA5 2,DA5,89
DA5 3,DA5,83
DA6 7,DA6,80
DA9 9,DA9,88
DA10 0,DA10,79
DA11 0,DA11,88
DA12 1,DA12,83
DA13 9,DA13,70
DA14 4,DA14,86
DA14 6,DA14,73
DA15 7,DA15,90
DA15 8,DA15,76
DA15 9,DA15,90
DA16 1,DA16,72
DA17 5,DA17,86
DA17 6,DA17,77
DD1 3,DD1,94
DE1 1,DE1,95
DE1 2,DE1,99
DE1 3,DE1,93
DE5 3,DE5,73
DE5 8,DE5,79
DE5 9,DE5,86
DE7 5,DE7,81
DE7 8,DE7,70
DE14 1,DE14,81
DE14 3,DE14,72
DE21 2,DE21,81
DE22 1,DE22,86
DE22 2,DE22,72
DE22 3,DE22,93
DE24 1,DE24,95
DE24 5,DE24,82
DE55 2,DE55,80
DE55 3,DE55,75
DE55 4,DE55,84
DE56 1,DE56,82
DE56 4,DE56,80
DE65 5,DE65,71
DE73 5,DE73,83
DH1 1,DH1,79
DH1 4,DH1,77
DH1 5,DH1,80
DH3 3,DH3,72
DH4 4,DH4,74
DH5 9,DH5,72
DH6 5,DH6,74
DH7 9,DH7,77
DH9 0,DH9,82
DL1 1,DL1,78
DL1 4,DL1,75
DL1 5,DL1,79
DL3 0,DL3,76
DL3 6,DL3,94
DL3 7,DL3,93
DL4 1,DL4,74
DL4 2,DL4,70
DL14 7,DL14,77
DL14 8,DL14,72
DN1 1,DN1,99
DN1 2,DN1,81
DN2 5,DN2,70
DN4 0,DN4,81
DN4 5,DN4,91
DN4 8,DN4,84
DN5 9,DN5,81
DN15 0,DN15,71
DN21 1,DN21,76
DN21 2,DN21,79
DN22 6,DN22,87
DN31 2,DN31,88
DN32 0,DN32,72
DN32 9,DN32,73
DT1 1,DT1,89
DT1 2,DT1,70
DT1 3,DT1,80
DT2 9,DT2,77
DT3 4,DT3,74
DT4 7,DT4,92
DT4 8,DT4,93
DT5 1,DT5,87
DT5 2,DT5,82
DT10 1,DT10,78
DY1 1,DY1,91
DY2 8,DY2,86
DY3 1,DY3,72
DY8 5,DY8,72
DY10 1,DY10,91
DY10 2,DY10,76
E1W 1,E1W,97
E1W 2,E1W,99
E1W 3,E1W,94
E1 0,E1,75
E1 1,E1,97
E1 2,E1,99
E1 3,E1,90
E1 4,E1,93
E1 5,E1,93
E1 6,E1,98
E1 7,E1,99
E1 8,E1,99
E2 0,E2,93
E2 6,E2,92
E2 7,E2,86
E2 8,E2,96
E2 9,E2,78
E3 2,E3,91
E3 3,E3,95
E3 4,E3,91
E3 5,E3,90
E4 7,E4,75
E5 8,E5,80
E8 1,E8,78
E8 2,E8,78
E8 3,E8,90
E10 6,E10,87
E10 7,E10,83
E11 1,E11,81
E11 2,E11,88
E11 4,E11,74
E14 0,E14,99
E14 2,E14,97
E14 3,E14,97
E14 4,E14,92
E14 5,E14,95
E14 6,E14,92
E14 7,E14,93
E14 8,E14,96
E14 9,E14,100
E15 1,E15,94
E15 2,E15,95
E15 4,E15,91
E16 1,E16,97
E16 2,E16,97
E17 4,E17,74
E17 5,E17,78
E17 6,E17,87
E17 8,E17,78
E17 9,E17,83
E18 1,E18,90
E18 2,E18,85
E22 2,E22,99
EC1A 7,EC1A,99
EC1A 9,EC1A,99
EC1M 3,EC1M,100
EC1M 4,EC1M,81
EC1M 5,EC1M,99
EC1M 6,EC1M,84
EC1N 2,EC1N,99
EC1N 7,EC1N,88
EC1N 8,EC1N,90
EC1R 0,EC1R,81
EC1R 1,EC1R,94
EC1R 3,EC1R,88
EC1R 4,EC1R,85
EC1R 5,EC1R,96
EC1V 0,EC1V,83
EC1V 1,EC1V,100
EC1V 2,EC1V,100
EC1V 3,EC1V,92
EC1V 4,EC1V,97
EC1V 7,EC1V,93
EC1V 8,EC1V,98
EC1V 9,EC1V,92
EC1Y 0,EC1Y,83
EC1Y 1,EC1Y,100
EC1Y 2,EC1Y,97
EC2A 1,EC2A,100
EC2A 2,EC2A,100
EC2A 3,EC2A,100
EC2A 4,EC2A,94
EC2M 1,EC2M,100
EC2M 4,EC2M,98
EC2N 4,EC2N,100
EC2Y 5,EC2Y,100
EC2Y 9,EC2Y,100
EC3A 5,EC3A,98
EC3A 7,EC3A,99
EC3M 1,EC3M,100
EC3N 1,EC3N,98
EC3N 2,EC3N,97
EC3R 5,EC3R,98
EC3R 6,EC3R,99
EC3R 8,EC3R,98
EC3V 1,EC3V,100
EC3V 3,EC3V,100
EC4A 1,EC4A,100
EC4A 2,EC4A,99
EC4A 3,EC4A,100
EC4A 4,EC4A,99
EC4M 9,EC4M,85
EC4R 0,EC4R,100
EC4V 3,EC4V,99
EC4V 5,EC4V,70
EC4V 6,EC4V,98
EC4Y 1,EC4Y,94
EC4Y 8,EC4Y,100
EH2 4,EH2,91
EH3 7,EH3,79
EH4 6,EH4,83
EH12 7,EH12,80
EH12 9,EH12,83
EH14 4,EH14,77
EH14 5,EH14,74
EH18 1,EH18,72
EH24 9,EH24,78
EH29 9,EH29,71
EH39 4,EH39,79
EH49 7,EH49,71
EH54 7,EH54,79
EN1 1,EN1,77
EN1 3,EN1,74
EN2 0,EN2,74
EN2 6,EN2,89
EN2 7,EN2,79
EN2 8,EN2,89
EN4 0,EN4,86
EN4 8,EN4,78
EN4 9,EN4,83
EN5 1,EN5,75
EN5 3,EN5,91
EN5 5,EN5,74
EN6 1,EN6,94
EN6 2,EN6,82
EN6 4,EN6,84
EN6 5,EN6,80
EN8 7,EN8,88
EN8 9,EN8,74
EN11 0,EN11,85
EN11 8,EN11,87
EX1 1,EX1,98
EX1 2,EX1,89
EX1 3,EX1,78
EX1 4,EX1,73
EX2 4,EX2,95
EX2 5,EX2,80
EX2 7,EX2,88
EX2 8,EX2,90
EX3 0,EX3,77
EX4 0,EX4,95
EX4 2,EX4,76
EX4 3,EX4,92
EX4 4,EX4,79
EX4 5,EX4,72
EX4 6,EX4,93
EX4 7,EX4,96
EX5 2,EX5,75
EX5 7,EX5,92
EX7 9,EX7,84
EX8 1,EX8,85
EX10 0,EX10,77
EX10 8,EX10,94
EX11 1,EX11,79
EX14 1,EX14,78
EX14 2,EX14,75
EX16 6,EX16,82
EX17 1,EX17,88
EX17 4,EX17,72
EX33 2,EX33,87
FK1 5,FK1,73
FK2 8,FK2,70
FK3 9,FK3,75
FK7 0,FK7,73
FK8 1,FK8,82
FK8 2,FK8,91
FK9 5,FK9,71
FK12 5,FK12,74
FK14 7,FK14,82
FK15 0,FK15,74
FK18 8,FK18,93
FY4 3,FY4,75
FY4 5,FY4,79
FY5 4,FY5,85
FY5 5,FY5,84
FY6 7,FY6,77
FY7 6,FY7,80
G1 1,G1,96
G1 3,G1,96
G1 5,G1,70
G2 1,G2,98
G2 3,G2,91
G2 4,G2,93
G2 8,G2,93
G3 6,G3,85
G3 8,G3,73
G5 8,G5,88
G12 0,G12,78
G12 8,G12,76
G13 1,G13,86
G31 2,G31,83
G41 3,G41,86
G43 1,G43,71
G43 2,G43,80
G44 3,G44,82
G44 4,G44,79
G61 1,G61,70
G61 2,G61,75
G61 4,G61,76
G62 8,G62,74
G63 9,G63,72
G69 8,G69,82
G72 6,G72,81
G74 1,G74,70
G74 2,G74,78
G74 3,G74,87
G74 4,G74,78
G75 0,G75,77
G75 7,G75,71
G75 8,G75,79
G75 9,G75,90
G76 7,G76,82
G76 8,G76,85
G76 9,G76,82
GL1 1,GL1,96
GL1 2,GL1,92
GL1 3,GL1,86
GL1 5,GL1,87
GL2 2,GL2,76
GL2 4,GL2,88
GL2 5,GL2,71
GL2 9,GL2,76
GL3 2,GL3,73
GL3 3,GL3,82
GL3 4,GL3,80
GL4 3,GL4,75
GL4 5,GL4,79
GL5 3,GL5,80
GL6 6,GL6,79
GL6 7,GL6,81
GL6 8,GL6,75
GL7 0,GL7,98
GL7 1,GL7,78
GL7 2,GL7,73
GL8 8,GL8,76
GL10 2,GL10,74
GL11 4,GL11,86
GL50 1,GL50,97
GL50 2,GL50,95
GL50 3,GL50,96
GL50 4,GL50,94
GL51 3,GL51,82
GL51 6,GL51,80
GL51 8,GL51,78
GL51 9,GL51,82
GL52 2,GL52,96
GL52 3,GL52,73
GL52 5,GL52,74
GL52 6,GL52,95
GL52 7,GL52,77
GL52 8,GL52,75
GL53 0,GL53,89
GL53 7,GL53,95
GL53 8,GL53,75
GL54 2,GL54,75
GL54 5,GL54,83
GL56 0,GL56,84
GU1 1,GU1,93
GU1 2,GU1,92
GU1 3,GU1,98
GU1 4,GU1,98
GU2 4,GU2,98
GU2 7,GU2,91
GU2 8,GU2,90
GU2 9,GU2,92
GU4 7,GU4,94
GU4 8,GU4,77
GU7 1,GU7,91
GU7 2,GU7,85
GU8 4,GU8,79
GU8 5,GU8,78
GU9 0,GU9,80
GU9 7,GU9,91
GU9 8,GU9,83
GU9 9,GU9,74
GU10 4,GU10,85
GU12 4,GU12,73
GU12 5,GU12,87
GU14 0,GU14,77
GU14 6,GU14,84
GU14 7,GU14,93
GU15 1,GU15,82
GU15 2,GU15,77
GU15 3,GU15,91
GU16 7,GU16,74
GU16 8,GU16,79
GU16 9,GU16,87
GU17 9,GU17,73
GU18 5,GU18,70
GU19 5,GU19,89
GU20 6,GU20,82
GU21 2,GU21,90
GU21 3,GU21,85
GU21 4,GU21,89
GU21 5,GU21,85
GU21 6,GU21,98
GU21 7,GU21,79
GU22 0,GU22,88
GU22 7,GU22,98
GU22 8,GU22,81
GU22 9,GU22,85
GU23 6,GU23,87
GU24 9,GU24,80
GU25 4,GU25,80
GU26 6,GU26,85
GU27 1,GU27,86
GU27 2,GU27,92
GU27 3,GU27,76
GU32 2,GU32,86
GU34 1,GU34,70
GU34 3,GU34,78
GU34 4,GU34,77
GU34 5,GU34,70
GU46 6,GU46,77
GU46 7,GU46,72
GU47 0,GU47,83
GU51 1,GU51,89
GU51 2,GU51,97
GU51 3,GU51,72
GU51 4,GU51,78
GU51 5,GU51,85
GU52 0,GU52,91
GU52 7,GU52,81
HA0 1,HA0,85
HA0 2,HA0,73
HA1 1,HA1,96
HA1 2,HA1,95
HA1 3,HA1,93
HA1 4,HA1,84
HA2 0,HA2,89
HA2 7,HA2,95
HA2 8,HA2,90
HA2 9,HA2,87
HA3 0,HA3,82
HA3 5,HA3,83
HA3 7,HA3,79
HA3 8,HA3,71
HA4 0,HA4,83
HA4 6,HA4,88
HA4 7,HA4,83
HA4 8,HA4,79
HA4 9,HA4,86
HA5 1,HA5,84
HA5 2,HA5,80
HA5 3,HA5,83
HA5 4,HA5,85
HA5 5,HA5,84
HA6 1,HA6,82
HA6 2,HA6,92
HA6 3,HA6,93
HA7 1,HA7,74
HA7 3,HA7,79
HA7 4,HA7,89
HA8 7,HA8,93
HA9 0,HA9,70
HA9 7,HA9,91
HA9 8,HA9,88
HD1 1,HD1,99
HD1 2,HD1,100
HD1 4,HD1,77
HD1 5,HD1,96
HD3 4,HD3,76
HD6 1,HD6,72
HD9 4,HD9,75
HD9 7,HD9,80
HG1 1,HG1,85
HG1 2,HG1,91
HG1 4,HG1,80
HG1 5,HG1,96
HG2 0,HG2,91
HG2 7,HG2,77
HG2 8,HG2,89
HG2 9,HG2,82
HG3 2,HG3,75
HG4 1,HG4,70
HG4 2,HG4,77
HP1 1,HP1,95
HP1 2,HP1,84
HP2 4,HP2,76
HP2 5,HP2,75
HP2 7,HP2,84
HP3 9,HP3,88
HP4 1,HP4,81
HP4 2,HP4,75
HP4 3,HP4,71
HP5 1,HP5,86
HP5 3,HP5,86
HP6 5,HP6,90
HP6 6,HP6,73
HP7 0,HP7,81
HP7 9,HP7,77
HP9 1,HP9,78
HP9 2,HP9,82
HP10 0,HP10,76
HP11 1,HP11,84
HP11 2,HP11,97
HP12 3,HP12,88
HP12 4,HP12,77
HP13 5,HP13,80
HP13 6,HP13,91
HP17 8,HP17,72
HP18 0,HP18,72
HP19 0,HP19,92
HP19 7,HP19,97
HP19 8,HP19,94
HP20 1,HP20,76
HP20 2,HP20,83
HP21 7,HP21,87
HP21 8,HP21,71
HP21 9,HP21,80
HP22 0,HP22,95
HP22 5,HP22,75
HP23 5,HP23,86
HP23 6,HP23,86
HP27 0,HP27,81
HP27 9,HP27,79
HR4 0,HR4,83
HU1 1,HU1,96
HU1 2,HU1,76
HU1 3,HU1,99
HU2 8,HU2,93
HU3 6,HU3,83
HU5 1,HU5,90
HU5 2,HU5,92
HU5 3,HU5,88
HU6 7,HU6,77
HU7 3,HU7,88
HU9 1,HU9,86
HU9 2,HU9,92
HU10 6,HU10,70
HU13 9,HU13,70
HU16 4,HU16,75
HX1 1,HX1,95
HX1 2,HX1,90
HX3 7,HX3,80
IG1 1,IG1,89
IG2 6,IG2,77
IG2 7,IG2,79
IG3 8,IG3,72
IG6 1,IG6,70
IG6 2,IG6,77
IG7 5,IG7,78
IG7 6,IG7,72
IG8 0,IG8,86
IG8 8,IG8,84
IG9 5,IG9,92
IG10 1,IG10,86
IG10 3,IG10,72
IG11 7,IG11,70
IP1 1,IP1,98
IP1 3,IP1,78
IP1 5,IP1,75
IP2 8,IP2,84
IP3 8,IP3,79
IP4 1,IP4,97
IP4 2,IP4,90
IP4 4,IP4,76
IP5 2,IP5,84
IP5 3,IP5,77
IP6 0,IP6,76
IP6 8,IP6,70
IP8 3,IP8,71
IP22 2,IP22,74
IP22 4,IP22,77
IP24 2,IP24,80
IP26 4,IP26,76
IP27 9,IP27,93
IP28 7,IP28,80
IP28 8,IP28,92
IP33 1,IP33,93
IP33 3,IP33,79
IV1 1,IV1,73
IV2 8,IV2,87
IV5 7,IV5,85
IV9 8,IV9,70
IV30 8,IV30,70
IV47 8,IV47,74
IV48 8,IV48,91
KA3 3,KA3,81
KA7 1,KA7,81
KA7 2,KA7,70
KA9 1,KA9,77
KA30 8,KA30,78
KT1 1,KT1,97
KT1 2,KT1,97
KT1 3,KT1,90
KT2 5,KT2,92
KT2 6,KT2,92
KT2 7,KT2,85
KT3 3,KT3,87
KT3 4,KT3,90
KT3 5,KT3,80
KT3 6,KT3,92
KT4 8,KT4,86
KT5 8,KT5,93
KT6 4,KT6,92
KT6 5,KT6,83
KT6 6,KT6,94
KT7 0,KT7,86
KT8 9,KT8,85
KT10 0,KT10,82
KT10 8,KT10,89
KT10 9,KT10,90
KT11 1,KT11,94
KT11 2,KT11,93
KT11 3,KT11,90
KT12 1,KT12,97
KT12 2,KT12,89
KT12 3,KT12,82
KT12 4,KT12,78
KT12 5,KT12,89
KT13 0,KT13,94
KT13 8,KT13,95
KT13 9,KT13,95
KT14 6,KT14,94
KT14 7,KT14,84
KT15 1,KT15,75
KT15 2,KT15,88
KT16 8,KT16,84
KT16 9,KT16,93
KT17 1,KT17,91
KT17 3,KT17,91
KT17 4,KT17,94
KT18 5,KT18,74
KT19 0,KT19,77
KT19 7,KT19,83
KT19 8,KT19,92
KT22 0,KT22,93
KT22 7,KT22,88
KT22 8,KT22,88
KT24 6,KT24,87
KW2 6,KW2,85
KY12 7,KY12,76
KY13 8,KY13,92
L1 0,L1,76
L1 1,L1,99
L1 3,L1,96
L1 4,L1,95
L1 5,L1,96
L1 6,L1,95
L1 8,L1,94
L2 0,L2,99
L2 2,L2,98
L2 5,L2,96
L2 6,L2,97
L2 8,L2,98
L2 9,L2,97
L3 0,L3,99
L3 1,L3,99
L3 2,L3,97
L3 4,L3,93
L3 6,L3,90
L3 9,L3,97
L4 2,L4,79
L5 9,L5,90
L6 0,L6,72
L6 1,L6,81
L6 6,L6,93
L7 3,L7,72
L7 4,L7,90
L7 8,L7,85
L7 9,L7,80
L9 7,L9,70
L13 5,L13,84
L13 8,L13,74
L15 0,L15,87
L15 1,L15,81
L15 4,L15,76
L15 9,L15,77
L16 1,L16,76
L16 2,L16,76
L16 5,L16,78
L16 9,L16,94
L17 0,L17,71
L17 4,L17,89
L17 6,L17,81
L17 7,L17,89
L17 8,L17,89
L17 9,L17,83
L18 0,L18,93
L18 1,L18,93
L18 5,L18,77
L18 6,L18,71
L18 7,L18,73
L19 3,L19,72
L22 0,L22,96
L22 2,L22,76
L22 3,L22,76
L22 6,L22,90
L22 7,L22,74
L22 9,L22,90
L23 0,L23,71
L23 6,L23,87
L23 7,L23,84
L24 9,L24,86
L25 4,L25,74
L26 5,L26,97
L27 6,L27,73
L31 0,L31,76
L31 4,L31,81
L34 1,L34,74
L34 2,L34,71
L34 5,L34,81
L34 6,L34,88
L35 4,L35,70
L35 7,L35,82
L37 8,L37,80
L39 5,L39,73
L39 7,L39,84
L39 9,L39,95
L40 0,L40,92
L40 9,L40,81
LA1 3,LA1,71
LE1 1,LE1,98
LE1 3,LE1,97
LE1 4,LE1,99
LE1 5,LE1,82
LE1 6,LE1,98
LE2 1,LE2,92
LE2 2,LE2,89
LE2 3,LE2,86
LE2 4,LE2,86
LE2 5,LE2,85
LE2 7,LE2,86
LE2 8,LE2,78
LE3 0,LE3,94
LE3 2,LE3,70
LE3 3,LE3,75
LE3 5,LE3,92
LE4 3,LE4,83
LE4 5,LE4,73
LE9 4,LE9,77
LE9 8,LE9,74
LE10 1,LE10,83
LE10 3,LE10,74
LE11 1,LE11,91
LE11 2,LE11,78
LE11 3,LE11,72
LE11 5,LE11,81
LE15 6,LE15,74
LE18 4,LE18,86
LE19 4,LE19,76
LE67 3,LE67,74
LE67 9,LE67,84
LL29 6,LL29,81
LN1 1,LN1,93
LN1 4,LN1,74
LN2 1,LN2,86
LN2 5,LN2,89
LN5 7,LN5,98
LN5 8,LN5,81
LN8 2,LN8,83
LS1 2,LS1,99
LS1 3,LS1,91
LS1 4,LS1,99
LS1 5,LS1,100
LS1 6,LS1,100
LS1 7,LS1,100
LS2 7,LS2,99
LS2 8,LS2,92
LS2 9,LS2,88
LS4 2,LS4,95
LS5 2,LS5,100
LS5 3,LS5,93
LS6 1,LS6,96
LS6 2,LS6,90
LS6 3,LS6,92
LS6 4,LS6,91
LS7 2,LS7,79
LS7 3,LS7,80
LS7 4,LS7,87
LS8 1,LS8,78
LS8 2,LS8,79
LS9 8,LS9,99
LS9 9,LS9,74
LS10 1,LS10,100
LS11 5,LS11,90
LS11 9,LS11,96
LS12 1,LS12,97
LS12 3,LS12,81
LS12 4,LS12,78
LS13 1,LS13,84
LS13 3,LS13,71
LS15 8,LS15,77
LS16 5,LS16,81
LS16 6,LS16,74
LS16 7,LS16,72
LS17 0,LS17,78
LS17 5,LS17,74
LS17 7,LS17,84
LS17 8,LS17,83
LS17 9,LS17,72
LS18 4,LS18,92
LS18 5,LS18,88
LS19 6,LS19,87
LS19 7,LS19,76
LS21 1,LS21,71
LS22 5,LS22,72
LS22 7,LS22,86
LS25 4,LS25,83
LS25 5,LS25,79
LS27 7,LS27,72
LS27 8,LS27,70
LS28 5,LS28,91
LS28 6,LS28,84
LS28 7,LS28,81
LS28 9,LS28,81
LS29 0,LS29,77
LS29 6,LS29,86
LS29 7,LS29,84
LS29 8,LS29,75
LS29 9,LS29,85
LU1 1,LU1,87
LU1 2,LU1,84
LU1 3,LU1,93
LU1 4,LU1,75
LU1 5,LU1,87
LU2 0,LU2,95
LU2 7,LU2,90
LU2 8,LU2,71
LU3 1,LU3,73
LU6 3,LU6,74
LU7 1,LU7,84
LU7 3,LU7,70
LU7 4,LU7,82
LU7 9,LU7,71
M1 1,M1,100
M1 2,M1,98
M1 3,M1,99
M1 4,M1,100
M1 5,M1,100
M1 6,M1,99
M1 7,M1,94
M2 2,M2,100
M2 4,M2,100
M2 6,M2,94
M3 1,M3,99
M3 2,M3,100
M3 3,M3,99
M3 4,M3,99
M3 5,M3,96
M3 6,M3,99
M3 7,M3,99
M4 1,M4,100
M4 4,M4,99
M4 5,M4,98
M4 6,M4,94
M4 7,M4,98
M5 3,M5,95
M5 4,M5,98
M5 5,M5,89
M6 5,M6,78
M6 6,M6,83
M6 7,M6,83
M7 1,M7,89
M14 5,M14,88
M14 6,M14,90
M15 4,M15,99
M15 5,M15,97
M16 0,M16,91
M16 8,M16,86
M17 1,M17,99
M20 1,M20,91
M20 2,M20,96
M20 3,M20,97
M20 4,M20,91
M20 5,M20,91
M20 6,M20,94
M21 8,M21,85
M21 9,M21,89
M26 1,M26,74
M26 4,M26,82
M27 4,M27,76
M27 5,M27,73
M27 9,M27,84
M28 1,M28,80
M28 2,M28,89
M28 3,M28,90
M29 7,M29,72
M29 8,M29,85
M30 8,M30,77
M30 9,M30,88
M33 2,M33,74
M33 3,M33,72
M33 7,M33,92
M34 2,M34,70
M40 7,M40,78
M41 8,M41,72
M45 6,M45,74
M50 1,M50,99
M50 2,M50,98
M50 3,M50,97
ME1 1,ME1,89
ME2 1,ME2,75
ME2 3,ME2,80
ME2 4,ME2,80
ME4 3,ME4,82
ME4 4,ME4,94
ME4 5,ME4,78
ME5 7,ME5,71
ME7 1,ME7,92
ME7 4,ME7,90
ME7 5,ME7,90
ME8 8,ME8,74
ME8 9,ME8,73
ME10 1,ME10,83
ME10 2,ME10,80
ME10 3,ME10,80
ME12 2,ME12,72
ME13 8,ME13,78
ME14 1,ME14,92
ME14 5,ME14,71
ME15 6,ME15,87
ME16 8,ME16,87
ME19 4,ME19,73
MK4 1,MK4,79
MK4 3,MK4,71
MK5 6,MK5,85
MK5 8,MK5,90
MK6 3,MK6,87
MK7 6,MK7,78
MK8 1,MK8,76
MK8 8,MK8,85
MK9 1,MK9,99
MK9 2,MK9,97
MK9 3,MK9,97
MK9 4,MK9,90
MK10 9,MK10,83
MK11 1,MK11,88
MK13 0,MK13,78
MK14 6,MK14,85
MK15 8,MK15,84
MK16 0,MK16,83
MK18 1,MK18,88
MK18 7,MK18,85
MK40 1,MK40,79
MK40 3,MK40,89
MK41 7,MK41,79
MK42 8,MK42,73
MK43 8,MK43,75
MK45 1,MK45,73
ML3 6,ML3,89
ML3 8,ML3,72
N1C 4,N1C,99
N1 0,N1,94
N1 1,N1,95
N1 2,N1,86
N1 3,N1,90
N1 4,N1,82
N1 5,N1,77
N1 6,N1,88
N1 7,N1,95
N1 8,N1,88
N1 9,N1,97
N2 0,N2,89
N2 8,N2,91
N2 9,N2,81
N3 1,N3,92
N3 2,N3,91
N3 3,N3,92
N4 1,N4,82
N4 2,N4,96
N4 3,N4,92
N4 4,N4,84
N5 1,N5,93
N5 2,N5,90
N6 4,N6,89
N6 5,N6,92
N7 0,N7,93
N7 6,N7,96
N7 7,N7,80
N7 8,N7,92
N7 9,N7,95
N8 0,N8,92
N8 7,N8,91
N8 8,N8,89
N8 9,N8,88
N10 1,N10,79
N10 2,N10,86
N10 3,N10,86
N11 3,N11,89
N12 0,N12,84
N12 7,N12,76
N12 8,N12,95
N12 9,N12,93
N13 4,N13,76
N14 5,N14,81
N14 7,N14,70
N16 9,N16,71
N17 9,N17,89
N19 3,N19,89
N19 4,N19,93
N19 5,N19,88
N20 0,N20,90
N20 8,N20,85
N20 9,N20,92
N21 1,N21,80
N21 3,N21,84
N22 7,N22,72
NE1 1,NE1,99
NE1 2,NE1,98
NE1 3,NE1,97
NE1 4,NE1,98
NE1 5,NE1,100
NE1 6,NE1,98
NE1 7,NE1,99
NE1 8,NE1,97
NE2 1,NE2,96
NE2 2,NE2,96
NE2 3,NE2,97
NE2 4,NE2,96
NE3 1,NE3,95
NE3 3,NE3,78
NE3 4,NE3,84
NE3 5,NE3,91
NE4 5,NE4,85
NE4 9,NE4,82
NE6 1,NE6,78
NE6 5,NE6,94
NE7 7,NE7,80
NE8 2,NE8,93
NE8 3,NE8,88
NE9 5,NE9,74
NE10 0,NE10,71
NE12 5,NE12,73
NE12 7,NE12,84
NE13 8,NE13,89
NE13 9,NE13,81
NE16 3,NE16,76
NE17 7,NE17,76
NE25 8,NE25,75
NE25 9,NE25,83
NE26 1,NE26,81
NE26 2,NE26,88
NE27 0,NE27,71
NE29 0,NE29,80
NE29 9,NE29,79
NE30 2,NE30,85
NE30 4,NE30,75
NE61 2,NE61,70
NE61 3,NE61,83
NE61 6,NE61,72
NE63 0,NE63,82
NG1 1,NG1,99
NG1 2,NG1,99
NG1 3,NG1,99
NG1 4,NG1,88
NG1 5,NG1,98
NG1 6,NG1,90
NG1 7,NG1,99
NG2 1,NG2,79
NG2 3,NG2,94
NG2 4,NG2,80
NG2 5,NG2,94
NG2 6,NG2,86
NG2 7,NG2,89
NG3 2,NG3,87
NG3 4,NG3,90
NG3 5,NG3,93
NG3 6,NG3,72
NG4 2,NG4,84
NG4 3,NG4,77
NG5 1,NG5,87
NG5 2,NG5,93
NG5 3,NG5,70
NG5 4,NG5,74
NG6 0,NG6,81
NG7 1,NG7,98
NG7 2,NG7,97
NG7 3,NG7,74
NG7 4,NG7,98
NG7 5,NG7,73
NG7 6,NG7,94
NG7 7,NG7,90
NG8 3,NG8,74
NG9 1,NG9,92
NG9 2,NG9,95
NG9 3,NG9,74
NG9 4,NG9,78
NG9 6,NG9,74
NG9 7,NG9,76
NG10 1,NG10,90
NG10 2,NG10,82
NG10 4,NG10,84
NG11 6,NG11,76
NG11 7,NG11,71
NG11 9,NG11,82
NG12 4,NG12,81
NG12 5,NG12,73
NG14 5,NG14,85
NG15 0,NG15,89
NG15 6,NG15,70
NG15 7,NG15,85
NG16 4,NG16,73
NG17 1,NG17,78
NG17 3,NG17,80
NG17 4,NG17,81
NG17 8,NG17,72
NG18 1,NG18,75
NG18 2,NG18,77
NG18 4,NG18,83
NG18 5,NG18,85
NG19 6,NG19,75
NG19 7,NG19,77
NG21 9,NG21,77
NG24 1,NG24,88
NG24 5,NG24,87
NG31 6,NG31,96
NG31 7,NG31,74
NG34 7,NG34,80
NG34 9,NG34,70
NN1 1,NN1,97
NN1 2,NN1,91
NN1 3,NN1,92
NN1 4,NN1,82
NN1 5,NN1,85
NN2 6,NN2,88
NN3 3,NN3,73
NN3 5,NN3,72
NN3 7,NN3,79
NN4 0,NN4,84
NN4 5,NN4,86
NN4 7,NN4,82
NN4 8,NN4,88
NN5 4,NN5,85
NN5 5,NN5,87
NN5 6,NN5,78
NN8 1,NN8,92
NN8 3,NN8,78
NN8 4,NN8,87
NN9 5,NN9,83
NN9 6,NN9,73
NN10 8,NN10,85
NN11 2,NN11,70
NN11 8,NN11,84
NN11 9,NN11,72
NN13 6,NN13,70
NN13 7,NN13,77
NN14 4,NN14,70
NN16 8,NN16,91
NN17 1,NN17,73
NN17 3,NN17,79
NN17 5,NN17,95
NN18 8,NN18,80
NP11 6,NP11,71
NP16 5,NP16,81
NP19 0,NP19,86
NP19 8,NP19,76
NP20 1,NP20,88
NP20 4,NP20,75
NP25 5,NP25,70
NP44 2,NP44,84
NP44 8,NP44,73
NR1 1,NR1,97
NR1 2,NR1,71
NR1 3,NR1,97
NR2 1,NR2,91
NR2 2,NR2,96
NR2 3,NR2,95
NR2 4,NR2,73
NR3 1,NR3,88
NR3 3,NR3,78
NR3 4,NR3,92
NR4 6,NR4,83
NR4 7,NR4,91
NR5 0,NR5,72
NR5 8,NR5,92
NR5 9,NR5,85
NR7 0,NR7,79
NR8 5,NR8,90
NR17 1,NR17,73
NR18 0,NR18,71
NR19 1,NR19,75
NR19 2,NR19,71
NR30 1,NR30,84
NR30 2,NR30,79
NR30 5,NR30,76
NR31 6,NR31,73
NR32 1,NR32,81
NR32 2,NR32,71
NR33 8,NR33,70
NW1 0,NW1,94
NW1 1,NW1,94
NW1 2,NW1,96
NW1 3,NW1,97
NW1 4,NW1,96
NW1 5,NW1,99
NW1 6,NW1,99
NW1 7,NW1,98
NW1 8,NW1,85
NW1 9,NW1,93
NW2 2,NW2,74
NW2 3,NW2,89
NW2 4,NW2,91
NW2 5,NW2,92
NW2 8,NW2,91
NW3 1,NW3,93
NW3 2,NW3,82
NW3 3,NW3,95
NW3 4,NW3,96
NW3 5,NW3,96
NW3 6,NW3,98
NW3 7,NW3,94
NW4 1,NW4,95
NW4 2,NW4,91
NW4 3,NW4,90
NW4 4,NW4,95
NW5 2,NW5,79
NW5 3,NW5,78
NW6 1,NW6,96
NW6 2,NW6,95
NW6 3,NW6,96
NW6 4,NW6,92
NW6 6,NW6,89
NW6 7,NW6,88
NW7 1,NW7,95
NW7 2,NW7,91
NW7 3,NW7,84
NW8 0,NW8,94
NW8 6,NW8,99
NW8 7,NW8,98
NW8 9,NW8,98
NW9 0,NW9,80
NW9 4,NW9,97
NW9 5,NW9,89
NW9 6,NW9,83
NW9 7,NW9,92
NW10 1,NW10,74
NW10 2,NW10,72
NW10 3,NW10,76
NW10 5,NW10,80
NW10 7,NW10,85
NW11 0,NW11,80
NW11 6,NW11,86
NW11 7,NW11,94
NW11 8,NW11,96
NW11 9,NW11,89
OL5 9,OL5,77
OL6 6,OL6,76
OL13 0,OL13,89
OL13 8,OL13,80
OL13 9,OL13,76
OL14 7,OL14,75
OL16 3,OL16,71
OX1 1,OX1,99
OX1 2,OX1,98
OX1 4,OX1,96
OX1 5,OX1,80
OX2 0,OX2,97
OX2 6,OX2,97
OX2 7,OX2,96
OX2 8,OX2,95
OX2 9,OX2,91
OX3 0,OX3,86
OX3 7,OX3,95
OX3 8,OX3,85
OX3 9,OX3,86
OX4 1,OX4,96
OX4 2,OX4,93
OX4 3,OX4,90
OX5 1,OX5,87
OX5 2,OX5,86
OX7 5,OX7,73
OX7 7,OX7,74
OX9 3,OX9,76
OX10 0,OX10,86
OX10 7,OX10,78
OX11 6,OX11,88
OX11 7,OX11,78
OX11 8,OX11,71
OX11 9,OX11,81
OX12 8,OX12,88
OX12 9,OX12,76
OX14 1,OX14,86
OX14 3,OX14,93
OX14 4,OX14,77
OX14 5,OX14,86
OX15 0,OX15,74
OX16 2,OX16,89
OX16 3,OX16,95
OX16 4,OX16,95
OX16 5,OX16,93
OX17 3,OX17,71
OX18 1,OX18,84
OX18 4,OX18,92
OX20 1,OX20,82
OX25 1,OX25,71
OX25 2,OX25,79
OX25 3,OX25,87
OX26 2,OX26,74
OX26 3,OX26,88
OX26 5,OX26,79
OX26 6,OX26,95
OX27 8,OX27,79
OX28 1,OX28,87
OX28 3,OX28,90
OX28 5,OX28,80
OX28 6,OX28,72
OX29 4,OX29,82
OX29 8,OX29,72
PA2 9,PA2,71
PA4 8,PA4,84
PA7 5,PA7,72
PA13 4,PA13,84
PE1 1,PE1,99
PE1 2,PE1,82
PE2 5,PE2,71
PE2 6,PE2,92
PE2 8,PE2,82
PE2 9,PE2,87
PE3 6,PE3,91
PE3 7,PE3,75
PE3 8,PE3,93
PE4 6,PE4,71
PE7 0,PE7,83
PE7 1,PE7,77
PE7 3,PE7,77
PE7 7,PE7,97
PE7 8,PE7,93
PE8 4,PE8,73
PE8 6,PE8,71
PE9 1,PE9,82
PE9 2,PE9,88
PE12 7,PE12,77
PE13 1,PE13,88
PE13 2,PE13,75
PE15 8,PE15,80
PE15 9,PE15,82
PE19 1,PE19,82
PE19 2,PE19,85
PE19 7,PE19,75
PE21 6,PE21,92
PE27 3,PE27,79
PE27 5,PE27,84
PE28 5,PE28,74
PE29 3,PE29,92
PE29 6,PE29,71
PE30 1,PE30,87
PE30 5,PE30,72
PE36 5,PE36,79
PE37 7,PE37,73
PE38 9,PE38,90
PH1 0,PH1,89
PH2 0,PH2,73
PH2 8,PH2,72
PH2 9,PH2,81
PH4 1,PH4,70
PL1 1,PL1,82
PL1 2,PL1,88
PL1 3,PL1,83
PL1 5,PL1,82
PL2 1,PL2,77
PL3 4,PL3,83
PL3 5,PL3,82
PL4 6,PL4,93
PL4 7,PL4,81
PL4 8,PL4,90
PL6 7,PL6,80
PL7 2,PL7,76
PL8 1,PL8,71
PL8 2,PL8,81
PL9 7,PL9,88
PL9 8,PL9,71
PL9 9,PL9,73
PL22 0,PL22,82
PO1 2,PO1,94
PO1 3,PO1,98
PO1 5,PO1,90
PO2 0,PO2,75
PO2 7,PO2,80
PO2 8,PO2,90
PO2 9,PO2,86
PO3 5,PO3,78
PO4 0,PO4,95
PO4 8,PO4,80
PO4 9,PO4,92
PO5 1,PO5,93
PO5 2,PO5,95
PO5 3,PO5,95
PO7 3,PO7,74
PO7 8,PO7,81
PO9 1,PO9,77
PO11 0,PO11,70
PO12 2,PO12,76
PO12 3,PO12,76
PO13 8,PO13,81
PO14 2,PO14,83
PO14 3,PO14,73
PO14 4,PO14,75
PO15 5,PO15,72
PO15 7,PO15,91
PO16 7,PO16,77
PO16 9,PO16,72
PO19 1,PO19,94
PO19 3,PO19,74
PO19 6,PO19,70
PO19 7,PO19,86
PO19 8,PO19,82
PO20 0,PO20,79
PO20 9,PO20,78
PO21 1,PO21,86
PO21 2,PO21,81
PO22 8,PO22,83
PO22 9,PO22,70
PO31 7,PO31,89
PO33 2,PO33,71
PO37 6,PO37,76
PR1 0,PR1,70
PR1 1,PR1,96
PR1 2,PR1,99
PR1 3,PR1,97
PR1 7,PR1,91
PR1 8,PR1,95
PR1 9,PR1,70
PR2 2,PR2,90
PR2 3,PR2,79
PR2 5,PR2,75
PR2 8,PR2,76
PR2 9,PR2,88
PR3 5,PR3,85
PR5 4,PR5,81
PR5 5,PR5,77
PR7 7,PR7,94
PR9 0,PR9,74
PR25 3,PR25,82
PR25 4,PR25,84
RG1 1,RG1,96
RG1 2,RG1,98
RG1 3,RG1,98
RG1 4,RG1,99
RG1 5,RG1,98
RG1 6,RG1,93
RG1 7,RG1,98
RG1 8,RG1,98
RG2 0,RG2,97
RG2 6,RG2,97
RG2 9,RG2,79
RG4 5,RG4,73
RG4 8,RG4,77
RG6 1,RG6,92
RG6 3,RG6,89
RG6 4,RG6,89
RG7 1,RG7,71
RG7 5,RG7,83
RG8 7,RG8,76
RG8 8,RG8,79
RG8 9,RG8,78
RG9 1,RG9,92
RG9 2,RG9,87
RG9 5,RG9,76
RG9 6,RG9,78
RG10 0,RG10,82
RG10 9,RG10,84
RG12 1,RG12,99
RG14 1,RG14,75
RG14 2,RG14,72
RG14 5,RG14,95
RG14 7,RG14,77
RG17 8,RG17,71
RG19 3,RG19,70
RG20 5,RG20,74
RG21 6,RG21,70
RG21 7,RG21,99
RG23 8,RG23,84
RG24 8,RG24,85
RG26 3,RG26,73
RG27 0,RG27,75
RG30 1,RG30,95
RG30 2,RG30,95
RG30 6,RG30,73
RG31 5,RG31,71
RG31 7,RG31,71
RG40 2,RG40,83
RG40 5,RG40,71
RG41 1,RG41,73
RG41 2,RG41,91
RG41 3,RG41,85
RG42 1,RG42,72
RG45 6,RG45,80
RG45 7,RG45,76
RH1 1,RH1,92
RH1 6,RH1,87
RH2 0,RH2,94
RH2 7,RH2,87
RH2 9,RH2,94
RH4 1,RH4,75
RH6 0,RH6,78
RH10 1,RH10,88
RH10 3,RH10,79
RH10 7,RH10,84
RH10 8,RH10,88
RH11 0,RH11,70
RH12 0,RH12,92
RH12 1,RH12,91
RH12 2,RH12,82
RH12 5,RH12,84
RH13 0,RH13,75
RH13 5,RH13,89
RH14 9,RH14,73
RH15 9,RH15,80
RH16 1,RH16,89
RH16 3,RH16,71
RH19 2,RH19,75
RH19 3,RH19,77
RH20 2,RH20,84
RM1 2,RM1,79
RM1 3,RM1,95
RM2 6,RM2,75
RM6 6,RM6,91
RM7 7,RM7,90
RM7 8,RM7,71
RM7 9,RM7,80
RM11 1,RM11,72
RM11 3,RM11,76
RM13 9,RM13,77
RM14 2,RM14,77
RM16 6,RM16,87
RM17 6,RM17,78
RM18 8,RM18,72
RM20 3,RM20,71
S1 1,S1,100
S1 2,S1,99
S1 4,S1,97
S2 3,S2,75
S2 4,S2,94
S3 7,S3,94
S3 8,S3,98
S6 1,S6,76
S6 3,S6,91
S6 5,S6,85
S7 1,S7,84
S8 0,S8,88
S10 1,S10,91
S10 2,S10,93
S10 3,S10,78
S10 5,S10,80
S11 7,S11,80
S11 8,S11,95
S13 9,S13,71
S18 1,S18,81
S18 2,S18,79
S18 3,S18,77
S18 8,S18,82
S20 2,S20,80
S20 5,S20,83
S25 3,S25,70
S26 7,S26,79
S35 9,S35,70
S40 1,S40,94
S41 0,S41,82
S41 7,S41,74
S43 2,S43,77
S60 8,S60,87
S63 9,S63,81
S64 9,S64,77
S70 1,S70,79
S70 2,S70,94
S70 6,S70,89
S72 0,S72,74
S80 1,S80,81
S80 3,S80,73
SA1 1,SA1,96
SA1 3,SA1,95
SA1 4,SA1,92
SA1 5,SA1,93
SA1 7,SA1,71
SA1 8,SA1,91
SA2 0,SA2,89
SA3 2,SA3,83
SA3 4,SA3,87
SA3 5,SA3,83
SA7 0,SA7,74
SA61 1,SA61,82
SE1 0,SE1,93
SE1 1,SE1,94
SE1 2,SE1,98
SE1 3,SE1,96
SE1 4,SE1,92
SE1 5,SE1,88
SE1 6,SE1,97
SE1 7,SE1,99
SE1 8,SE1,96
SE1 9,SE1,99
SE2 0,SE2,81
SE3 0,SE3,78
SE3 7,SE3,87
SE3 9,SE3,94
SE5 8,SE5,81
SE8 3,SE8,90
SE8 4,SE8,87
SE8 5,SE8,82
SE10 0,SE10,97
SE10 8,SE10,92
SE10 9,SE10,94
SE11 5,SE11,92
SE13 5,SE13,83
SE14 5,SE14,85
SE14 6,SE14,94
SE15 4,SE15,87
SE16 4,SE16,73
SE16 5,SE16,96
SE16 6,SE16,96
SE16 7,SE16,97
SE17 1,SE17,97
SE17 3,SE17,77
SE18 6,SE18,96
SE19 1,SE19,77
SE19 2,SE19,88
SE20 7,SE20,83
SE21 8,SE21,77
SE22 0,SE22,89
SE22 8,SE22,77
SE22 9,SE22,88
SE24 9,SE24,83
SE25 4,SE25,87
SE25 5,SE25,79
SE25 6,SE25,86
SE26 5,SE26,77
SE27 9,SE27,82
SE28 0,SE28,72
SG1 1,SG1,75
SG1 2,SG1,74
SG1 3,SG1,75
SG1 6,SG1,89
SG2 0,SG2,79
SG2 7,SG2,72
SG4 0,SG4,83
SG4 9,SG4,84
SG5 1,SG5,88
SG8 5,SG8,74
SG8 9,SG8,74
SG12 0,SG12,79
SG12 8,SG12,75
SG12 9,SG12,87
SG13 7,SG13,88
SG13 8,SG13,78
SG14 1,SG14,93
SG14 3,SG14,73
SG18 8,SG18,80
SK1 1,SK1,94
SK1 2,SK1,93
SK1 4,SK1,70
SK3 0,SK3,70
SK3 9,SK3,87
SK4 4,SK4,77
SK5 6,SK5,74
SK5 7,SK5,75
SK6 5,SK6,76
SK8 1,SK8,71
SK8 2,SK8,71
SK8 4,SK8,83
SK9 1,SK9,88
SK9 2,SK9,79
SK9 4,SK9,87
SK9 7,SK9,93
SK10 1,SK10,76
SK10 2,SK10,73
SK11 6,SK11,91
SK11 7,SK11,71
SK11 8,SK11,71
SK12 2,SK12,83
SK14 2,SK14,73
SK14 8,SK14,81
SK22 1,SK22,70
SL0 9,SL0,88
SL1 1,SL1,95
SL1 2,SL1,78
SL1 3,SL1,70
SL1 4,SL1,87
SL1 6,SL1,73
SL1 9,SL1,90
SL2 5,SL2,85
SL3 0,SL3,90
SL3 7,SL3,73
SL3 8,SL3,80
SL3 9,SL3,88
SL4 1,SL4,97
SL4 3,SL4,92
SL4 5,SL4,81
SL4 6,SL4,79
SL5 0,SL5,90
SL5 7,SL5,92
SL5 8,SL5,87
SL5 9,SL5,93
SL6 0,SL6,72
SL6 1,SL6,93
SL6 3,SL6,76
SL6 4,SL6,80
SL6 5,SL6,76
SL6 6,SL6,87
SL6 7,SL6,71
SL6 8,SL6,93
SL7 1,SL7,84
SL7 2,SL7,78
SL8 5,SL8,85
SL9 7,SL9,86
SL9 8,SL9,93
SL9 9,SL9,85
SM1 1,SM1,95
SM1 2,SM1,71
SM1 3,SM1,70
SM1 4,SM1,92
SM2 5,SM2,87
SM2 6,SM2,87
SM3 8,SM3,81
SM3 9,SM3,85
SM4 5,SM4,77
SM5 3,SM5,71
SM6 0,SM6,78
SM7 3,SM7,84
SN1 1,SN1,70
SN1 2,SN1,91
SN1 3,SN1,95
SN1 4,SN1,91
SN1 5,SN1,96
SN1 7,SN1,79
SN2 1,SN2,72
SN2 2,SN2,92
SN2 7,SN2,81
SN2 8,SN2,90
SN3 1,SN3,89
SN3 6,SN3,75
SN4 0,SN4,78
SN4 7,SN4,87
SN5 3,SN5,83
SN5 4,SN5,81
SN5 5,SN5,82
SN5 6,SN5,72
SN5 7,SN5,93
SN10 5,SN10,78
SN11 0,SN11,75
SN11 8,SN11,71
SN11 9,SN11,72
SN15 1,SN15,87
SN15 3,SN15,80
SN25 1,SN25,88
SN25 2,SN25,80
SN25 4,SN25,92
SN26 8,SN26,86
SO14 0,SO14,92
SO14 1,SO14,84
SO14 2,SO14,97
SO14 3,SO14,97
SO14 6,SO14,96
SO14 7,SO14,98
SO15 0,SO15,72
SO15 1,SO15,95
SO15 2,SO15,98
SO15 3,SO15,88
SO15 4,SO15,84
SO15 5,SO15,86
SO15 7,SO15,88
SO15 8,SO15,92
SO16 2,SO16,95
SO16 3,SO16,85
SO16 6,SO16,79
SO16 7,SO16,87
SO17 1,SO17,93
SO17 2,SO17,95
SO17 3,SO17,95
SO18 1,SO18,82
SO18 4,SO18,73
SO19 1,SO19,72
SO19 8,SO19,86
SO22 4,SO22,91
SO22 5,SO22,93
SO22 6,SO22,72
SO23 0,SO23,85
SO23 7,SO23,87
SO23 8,SO23,95
SO23 9,SO23,92
SO24 9,SO24,85
SO30 0,SO30,75
SO30 2,SO30,75
SO31 1,SO31,84
SO31 5,SO31,75
SO31 6,SO31,89
SO31 7,SO31,73
SO31 8,SO31,88
SO32 1,SO32,73
SO40 4,SO40,75
SO40 8,SO40,81
SO41 0,SO41,79
SO41 3,SO41,86
SO41 9,SO41,90
SO50 8,SO50,80
SO50 9,SO50,79
SO51 8,SO51,88
SO52 9,SO52,70
SO53 1,SO53,76
SO53 2,SO53,86
SO53 3,SO53,74
SO53 4,SO53,82
SO53 5,SO53,72
SP2 7,SP2,72
SP6 1,SP6,81
SP7 8,SP7,88
SP8 4,SP8,83
SP10 3,SP10,83
SP11 6,SP11,89
SR1 1,SR1,100
SR1 3,SR1,82
SR2 7,SR2,83
SR2 8,SR2,76
SR4 7,SR4,76
SR5 1,SR5,78
SR8 3,SR8,78
SR8 4,SR8,89
SS0 7,SS0,87
SS0 8,SS0,89
SS1 1,SS1,83
SS1 2,SS1,85
SS1 3,SS1,81
SS2 6,SS2,81
SS4 2,SS4,76
SS6 7,SS6,73
SS7 2,SS7,77
SS8 7,SS8,75
SS9 1,SS9,86
SS9 2,SS9,75
SS9 3,SS9,80
SS9 4,SS9,74
SS9 5,SS9,79
SS12 0,SS12,70
SS13 1,SS13,72
SS14 2,SS14,81
SS15 4,SS15,72
SS16 5,SS16,86
SS17 0,SS17,72
ST1 1,ST1,99
ST1 2,ST1,72
ST1 3,ST1,73
ST1 5,ST1,77
ST2 7,ST2,70
ST4 1,ST4,94
ST4 2,ST4,85
ST4 3,ST4,78
ST4 4,ST4,87
ST4 5,ST4,76
ST4 6,ST4,82
ST4 7,ST4,83
ST5 0,ST5,77
ST5 1,ST5,93
ST5 2,ST5,73
ST5 8,ST5,82
ST6 4,ST6,73
ST7 2,ST7,73
ST15 8,ST15,72
ST16 2,ST16,94
ST16 3,ST16,79
ST17 4,ST17,79
ST17 9,ST17,72
SW1A 2,SW1A,89
SW1E 5,SW1E,99
SW1E 6,SW1E,98
SW1H 0,SW1H,96
SW1H 9,SW1H,97
SW1P 1,SW1P,84
SW1P 2,SW1P,95
SW1P 3,SW1P,99
SW1P 4,SW1P,96
SW1V 1,SW1V,94
SW1V 2,SW1V,81
SW1V 4,SW1V,71
SW1W 0,SW1W,89
SW1W 8,SW1W,96
SW1W 9,SW1W,93
SW1X 0,SW1X,97
SW1X 7,SW1X,96
SW1X 8,SW1X,87
SW1X 9,SW1X,95
SW1Y 4,SW1Y,91
SW1Y 5,SW1Y,74
SW1Y 6,SW1Y,98
SW2 1,SW2,77
SW2 2,SW2,73
SW2 4,SW2,82
SW2 5,SW2,88
SW3 1,SW3,99
SW3 2,SW3,97
SW3 3,SW3,96
SW3 4,SW3,94
SW3 5,SW3,92
SW3 6,SW3,97
SW4 0,SW4,96
SW4 6,SW4,89
SW4 7,SW4,94
SW4 8,SW4,86
SW4 9,SW4,87
SW5 0,SW5,98
SW5 9,SW5,97
SW6 1,SW6,96
SW6 2,SW6,96
SW6 3,SW6,88
SW6 4,SW6,92
SW6 5,SW6,94
SW6 6,SW6,90
SW6 7,SW6,93
SW7 1,SW7,96
SW7 2,SW7,96
SW7 3,SW7,96
SW7 4,SW7,97
SW7 5,SW7,98
SW8 1,SW8,95
SW8 2,SW8,97
SW8 3,SW8,78
SW8 4,SW8,90
SW8 5,SW8,99
SW9 0,SW9,76
SW9 9,SW9,79
SW10 0,SW10,89
SW10 9,SW10,96
SW11 1,SW11,94
SW11 2,SW11,82
SW11 3,SW11,95
SW11 4,SW11,97
SW11 5,SW11,82
SW11 6,SW11,91
SW11 7,SW11,99
SW11 8,SW11,99
SW12 0,SW12,76
SW12 8,SW12,91
SW12 9,SW12,95
SW13 0,SW13,90
SW13 8,SW13,90
SW13 9,SW13,81
SW14 8,SW14,90
SW15 1,SW15,92
SW15 2,SW15,96
SW15 3,SW15,89
SW15 5,SW15,76
SW15 6,SW15,94
SW16 1,SW16,83
SW16 2,SW16,79
SW16 5,SW16,73
SW16 6,SW16,87
SW17 0,SW17,83
SW17 6,SW17,96
SW17 7,SW17,94
SW17 8,SW17,88
SW17 9,SW17,88
SW18 1,SW18,96
SW18 2,SW18,94
SW18 3,SW18,88
SW18 4,SW18,93
SW18 5,SW18,89
SW19 1,SW19,94
SW19 2,SW19,93
SW19 3,SW19,89
SW19 4,SW19,96
SW19 5,SW19,93
SW19 6,SW19,89
SW19 7,SW19,94
SW19 8,SW19,93
SW20 0,SW20,93
SW20 8,SW20,95
SW20 9,SW20,70
TA1 1,TA1,95
TA1 3,TA1,88
TA1 4,TA1,92
TA2 6,TA2,85
TA2 7,TA2,76
TA2 8,TA2,80
TA6 5,TA6,70
TA8 1,TA8,72
TA17 8,TA17,94
TA18 7,TA18,81
TA18 8,TA18,85
TF1 1,TF1,81
TF2 0,TF2,89
TF3 3,TF3,70
TF3 5,TF3,86
TF4 2,TF4,72
TF9 3,TF9,77
TF12 5,TF12,71
TN1 1,TN1,96
TN1 2,TN1,91
TN2 3,TN2,70
TN2 5,TN2,74
TN4 8,TN4,82
TN4 9,TN4,80
TN9 1,TN9,75
TN9 2,TN9,86
TN13 1,TN13,94
TN13 2,TN13,85
TN13 3,TN13,91
TN14 5,TN14,90
TN18 4,TN18,70
TN21 8,TN21,72
TN22 1,TN22,86
TN23 1,TN23,93
TN23 3,TN23,92
TN23 4,TN23,85
TN23 7,TN23,96
TN23 8,TN23,94
TN24 0,TN24,70
TN24 8,TN24,93
TN25 7,TN25,84
TN34 1,TN34,85
TN34 3,TN34,81
TN35 5,TN35,71
TN39 4,TN39,71
TN40 1,TN40,70
TQ1 2,TQ1,75
TQ2 5,TQ2,70
TQ3 1,TQ3,73
TQ4 6,TQ4,73
TQ5 0,TQ5,73
TQ5 8,TQ5,79
TQ5 9,TQ5,74
TQ7 1,TQ7,70
TQ14 0,TQ14,94
TQ14 8,TQ14,75
TQ14 9,TQ14,71
TR1 2,TR1,89
TR1 3,TR1,90
TR7 1,TR7,89
TR7 2,TR7,82
TR7 3,TR7,86
TR10 8,TR10,76
TR11 3,TR11,85
TR18 2,TR18,75
TS1 2,TS1,79
TS1 3,TS1,93
TS1 4,TS1,95
TS3 6,TS3,91
TS15 9,TS15,72
TS17 5,TS17,91
TS17 6,TS17,90
TS17 7,TS17,71
TS18 1,TS18,74
TS18 3,TS18,78
TS18 5,TS18,70
TS20 1,TS20,77
TS21 4,TS21,81
TS23 4,TS23,73
TS24 0,TS24,71
TS26 8,TS26,89
TS26 9,TS26,80
TW1 1,TW1,92
TW1 2,TW1,76
TW1 3,TW1,91
TW1 4,TW1,83
TW2 5,TW2,87
TW3 1,TW3,80
TW3 2,TW3,88
TW3 3,TW3,89
TW3 4,TW3,89
TW5 0,TW5,77
TW5 9,TW5,74
TW7 4,TW7,89
TW7 5,TW7,88
TW7 6,TW7,88
TW8 0,TW8,96
TW8 8,TW8,89
TW8 9,TW8,82
TW9 1,TW9,95
TW9 2,TW9,89
TW9 3,TW9,90
TW9 4,TW9,95
TW10 5,TW10,89
TW10 6,TW10,95
TW11 0,TW11,87
TW11 8,TW11,83
TW11 9,TW11,83
TW13 4,TW13,71
TW13 7,TW13,74
TW15 1,TW15,80
TW15 3,TW15,92
TW16 5,TW16,76
TW16 7,TW16,81
TW17 8,TW17,78
TW18 1,TW18,78
TW18 2,TW18,79
TW18 3,TW18,90
TW18 4,TW18,97
TW19 5,TW19,73
TW19 6,TW19,93
TW19 7,TW19,70
TW20 0,TW20,92
TW20 9,TW20,97
UB1 1,UB1,91
UB2 4,UB2,88
UB3 1,UB3,94
UB3 3,UB3,74
UB3 4,UB3,84
UB3 5,UB3,79
UB4 8,UB4,81
UB7 7,UB7,93
UB7 8,UB7,78
UB7 9,UB7,89
UB8 1,UB8,97
UB8 2,UB8,92
UB8 3,UB8,86
UB9 4,UB9,93
UB9 6,UB9,75
UB10 0,UB10,85
UB10 8,UB10,88
UB10 9,UB10,87
W1B 1,W1B,82
W1D 1,W1D,100
W1D 3,W1D,98
W1D 4,W1D,98
W1D 5,W1D,96
W1D 6,W1D,99
W1D 7,W1D,97
W1F 0,W1F,91
W1F 7,W1F,98
W1F 8,W1F,100
W1F 9,W1F,98
W1G 0,W1G,80
W1G 6,W1G,92
W1G 7,W1G,78
W1G 8,W1G,87
W1G 9,W1G,97
W1H 1,W1H,98
W1H 2,W1H,96
W1H 4,W1H,96
W1H 5,W1H,98
W1H 6,W1H,95
W1H 7,W1H,96
W1J 5,W1J,99
W1J 6,W1J,86
W1J 7,W1J,96
W1J 8,W1J,97
W1K 2,W1K,94
W1K 3,W1K,98
W1K 4,W1K,80
W1K 5,W1K,98
W1K 6,W1K,85
W1K 7,W1K,95
W1S 1,W1S,99
W1S 3,W1S,99
W1S 4,W1S,89
W1T 1,W1T,98
W1T 2,W1T,99
W1T 3,W1T,99
W1T 4,W1T,99
W1T 5,W1T,97
W1T 6,W1T,97
W1U 1,W1U,98
W1U 2,W1U,98
W1U 3,W1U,99
W1U 4,W1U,94
W1U 5,W1U,97
W1U 6,W1U,99
W1U 7,W1U,98
W1U 8,W1U,94
W1W 5,W1W,98
W1W 6,W1W,95
W1W 7,W1W,96
W1W 8,W1W,98
W2 1,W2,98
W2 2,W2,97
W2 3,W2,93
W2 4,W2,97
W2 5,W2,87
W2 6,W2,94
W3 0,W3,95
W3 6,W3,88
W3 7,W3,94
W3 9,W3,84
W4 1,W4,90
W4 2,W4,90
W4 3,W4,91
W4 4,W4,84
W4 5,W4,96
W5 1,W5,94
W5 2,W5,95
W5 3,W5,94
W5 5,W5,93
W6 0,W6,92
W6 7,W6,91
W6 8,W6,84
W6 9,W6,96
W8 4,W8,97
W8 5,W8,98
W8 6,W8,97
W8 7,W8,95
W9 1,W9,87
W9 2,W9,91
W10 6,W10,76
W11 2,W11,79
W11 3,W11,91
W12 7,W12,96
W12 8,W12,82
W13 0,W13,76
W13 8,W13,82
W13 9,W13,77
W14 0,W14,86
W14 8,W14,95
W14 9,W14,85
WA1 1,WA1,88
WA1 3,WA1,84
WA2 7,WA2,82
WA3 5,WA3,73
WA4 1,WA4,84
WA4 2,WA4,79
WA4 6,WA4,82
WA5 1,WA5,77
WA5 3,WA5,70
WA5 7,WA5,89
WA7 1,WA7,74
WA8 0,WA8,90
WA8 5,WA8,85
WA10 1,WA10,90
WA10 2,WA10,80
WA10 4,WA10,75
WA12 9,WA12,72
WA13 9,WA13,85
WA14 1,WA14,92
WA14 2,WA14,83
WA14 4,WA14,86
WA14 5,WA14,85
WA15 9,WA15,74
WA16 6,WA16,74
WA16 7,WA16,76
WC1A 1,WC1A,98
WC1A 2,WC1A,99
WC1B 3,WC1B,98
WC1B 4,WC1B,99
WC1B 5,WC1B,98
WC1E 6,WC1E,99
WC1E 7,WC1E,80
WC1H 0,WC1H,96
WC1H 8,WC1H,83
WC1H 9,WC1H,98
WC1N 1,WC1N,87
WC1N 2,WC1N,98
WC1N 3,WC1N,92
WC1R 4,WC1R,98
WC1V 6,WC1V,99
WC1V 7,WC1V,99
WC1X 0,WC1X,98
WC1X 8,WC1X,100
WC1X 9,WC1X,94
WC2A 1,WC2A,98
WC2A 2,WC2A,94
WC2A 3,WC2A,97
WC2B 4,WC2B,84
WC2B 5,WC2B,99
WC2B 6,WC2B,100
WC2E 7,WC2E,100
WC2E 8,WC2E,99
WC2E 9,WC2E,98
WC2H 0,WC2H,96
WC2H 7,WC2H,95
WC2H 8,WC2H,98
WC2H 9,WC2H,97
WC2N 4,WC2N,97
WC2N 6,WC2N,99
WC2R 0,WC2R,98
WC2R 1,WC2R,100
WC2R 3,WC2R,100
WD3 1,WD3,96
WD3 3,WD3,73
WD3 4,WD3,81
WD3 5,WD3,83
WD3 6,WD3,87
WD3 7,WD3,73
WD3 8,WD3,85
WD6 1,WD6,78
WD6 3,WD6,82
WD7 7,WD7,95
WD17 1,WD17,98
WD17 2,WD17,96
WD17 4,WD17,92
WD18 0,WD18,94
WD18 6,WD18,72
WD18 7,WD18,84
WD18 9,WD18,98
WD19 4,WD19,83
WD19 5,WD19,81
WD23 1,WD23,86
WD23 2,WD23,86
WD23 4,WD23,70
WD24 4,WD24,87
WD24 5,WD24,89
WD24 7,WD24,79
WD25 0,WD25,71
WF1 1,WF1,75
WF1 2,WF1,86
WF1 3,WF1,81
WF3 2,WF3,81
WF3 4,WF3,77
WF5 9,WF5,76
WF6 2,WF6,81
WF10 5,WF10,80
WF13 1,WF13,93
WN1 2,WN1,76
WN2 5,WN2,73
WN3 4,WN3,73
WN6 7,WN6,90
WN7 1,WN7,85
WN7 4,WN7,75
WR1 1,WR1,87
WR1 2,WR1,75
WR1 3,WR1,85
WR2 5,WR2,76
WR4 0,WR4,86
WR5 3,WR5,72
WR14 3,WR14,71
WR14 4,WR14,83
WS1 1,WS1,97
WS7 1,WS7,78
WS7 3,WS7,83
WS7 9,WS7,70
WS11 7,WS11,88
WS11 8,WS11,74
WS12 1,WS12,88
WS13 6,WS13,82
WV1 1,WV1,94
WV1 3,WV1,98
WV2 4,WV2,81
WV3 0,WV3,79
WV3 9,WV3,76
WV6 8,WV6,76
YO1 6,YO1,97
YO1 7,YO1,97
YO1 8,YO1,98
YO1 9,YO1,97
YO8 3,YO8,83
YO8 4,YO8,82
YO8 5,YO8,71
YO8 8,YO8,75
YO10 3,YO10,86
YO10 4,YO10,83
YO12 7,YO12,91
YO15 2,YO15,82
YO23 1,YO23,95
YO23 7,YO23,75
YO24 1,YO24,81
YO26 4,YO26,89
YO26 5,YO26,72
YO30 4,YO30,86
YO30 5,YO30,70
YO30 6,YO30,84
YO30 7,YO30,96
YO31 0,YO31,78
YO31 7,YO31,87
YO31 8,YO31,87
YO31 9,YO31,75
YO42 2,YO42,70