Sector,district
AB15 4,AB15
AB15 6,AB15
AB15 9,AB15
AB24 4,AB24
AB25 2,AB25
AB32 6,AB32
AB35 5,AB35
AB39 3,AB39
AB42 3,AB42
AB45 1,AB45
AB45 2,AB45
AB45 3,AB45
AB52 6,AB52
AB54 7,AB54
AB56 1,AB56
AL1 1,AL1
AL1 3,AL1
AL1 5,AL1
AL2 3,AL2
AL3 5,AL3
AL3 6,AL3
AL3 7,AL3
AL4 8,AL4
AL4 9,AL4
AL5 1,AL5
AL5 4,AL5
AL5 5,AL5
AL6 0,AL6
AL6 9,AL6
AL7 1,AL7
AL8 6,AL8
AL9 5,AL9
AL9 6,AL9
AL9 7,AL9
AL10 0,AL10
B1 1,B1
B5 4,B5
B5 6,B5
B5 7,B5
B10 9,B10
B12 9,B12
B13 8,B13
B13 9,B13
B15 3,B15
B16 0,B16
B18 4,B18
B18 5,B18
B18 7,B18
B20 1,B20
B21 8,B21
B24 0,B24
B24 8,B24
B24 9,B24
B26 1,B26
B27 6,B27
B29 6,B29
B30 2,B30
B31 5,B31
B37 5,B37
B37 7,B37
B42 1,B42
B43 6,B43
B45 9,B45
B47 5,B47
B47 6,B47
B50 4,B50
B60 2,B60
B61 9,B61
B63 1,B63
B63 4,B63
B64 6,B64
B67 5,B67
B69 4,B69
B70 0,B70
B71 1,B71
B71 2,B71
B72 1,B72
B73 5,B73
B73 6,B73
B74 4,B74
B75 7,B75
B76 1,B76
B77 5,B77
B78 1,B78
B78 2,B78
B78 3,B78
B79 7,B79
B90 1,B90
B90 4,B90
B92 7,B92
B93 0,B93
B93 9,B93
B95 5,B95
B95 6,B95
B96 6,B96
B97 5,B97
B97 6,B97
BA1 2,BA1
BA1 4,BA1
BA2 5,BA2
BA2 6,BA2
BA2 7,BA2
BA4 4,BA4
BA7 7,BA7
BA11 2,BA11
BA11 3,BA11
BA11 5,BA11
BA11 6,BA11
BA12 0,BA12
BA12 6,BA12
BA12 7,BA12
BA12 9,BA12
BA13 2,BA13
BA13 4,BA13
BA14 6,BA14
BA14 7,BA14
BA14 8,BA14
BB1 4,BB1
BB1 5,BB1
BB1 6,BB1
BB1 8,BB1
BB2 6,BB2
BB3 1,BB3
BB3 2,BB3
BB4 4,BB4
BB4 5,BB4
BB6 8,BB6
BB7 4,BB7
BB8 7,BB8
BB9 0,BB9
BB9 6,BB9
BB10 4,BB10
BB12 7,BB12
BB18 5,BB18
BD1 1,BD1
BD3 9,BD3
BD4 8,BD4
BD4 9,BD4
BD7 3,BD7
BD8 9,BD8
BD13 1,BD13
BD15 9,BD15
BD16 3,BD16
BD17 6,BD17
BD18 4,BD18
BD19 4,BD19
BD19 6,BD19
BD20 5,BD20
BD22 9,BD22
BD23 4,BD23
BD24 0,BD24
BD24 9,BD24
BH2 6,BH2
BH4 8,BH4
BH4 9,BH4
BH5 2,BH5
BH6 4,BH6
BH7 7,BH7
BH10 4,BH10
BH12 5,BH12
BH13 6,BH13
BH13 7,BH13
BH14 0,BH14
BH14 9,BH14
BH15 2,BH15
BH15 4,BH15
BH20 5,BH20
BH20 6,BH20
BH22 9,BH22
BH23 4,BH23
BH23 7,BH23
BH23 8,BH23
BH24 3,BH24
BH25 7,BH25
BH31 6,BH31
BL1 6,BL1
BL2 4,BL2
BL3 4,BL3
BL5 1,BL5
BL6 4,BL6
BL7 8,BL7
BL7 9,BL7
BL8 1,BL8
BL9 7,BL9
BN1 2,BN1
BN1 4,BN1
BN1 6,BN1
BN2 1,BN2
BN2 7,BN2
BN3 1,BN3
BN3 2,BN3
BN3 3,BN3
BN3 6,BN3
BN3 8,BN3
BN5 9,BN5
BN8 4,BN8
BN8 5,BN8
BN9 0,BN9
BN11 4,BN11
BN11 5,BN11
BN12 4,BN12
BN13 1,BN13
BN14 7,BN14
BN15 0,BN15
BN16 1,BN16
BN17 5,BN17
BN20 0,BN20
BN20 9,BN20
BN21 2,BN21
BN21 4,BN21
BN22 0,BN22
BN22 8,BN22
BN23 5,BN23
BN23 6,BN23
BN24 6,BN24
BN25 1,BN25
BN25 2,BN25
BN25 4,BN25
BR2 0,BR2
BR2 6,BR2
BR2 7,BR2
BR2 9,BR2
BR3 3,BR3
BR3 4,BR3
BR3 5,BR3
BR4 0,BR4
BR4 9,BR4
BR5 1,BR5
BR6 6,BR6
BR6 8,BR6
BR7 6,BR7
BS1 1,BS1
BS1 2,BS1
BS1 3,BS1
BS1 4,BS1
BS1 5,BS1
BS1 6,BS1
BS2 0,BS2
BS4 3,BS4
BS4 5,BS4
BS5 6,BS5
BS5 7,BS5
BS5 8,BS5
BS5 9,BS5
BS6 7,BS6
BS8 4,BS8
BS16 3,BS16
BS16 5,BS16
BS16 6,BS16
BS22 9,BS22
BS23 3,BS23
BS23 4,BS23
BS27 3,BS27
BS29 6,BS29
BS30 5,BS30
BS30 9,BS30
BS31 1,BS31
BS32 0,BS32
BS32 8,BS32
BS32 9,BS32
BS34 8,BS34
BS36 1,BS36
BS36 2,BS36
BS37 6,BS37
BS37 7,BS37
BS39 4,BS39
BS39 7,BS39
BS41 8,BS41
BS41 9,BS41
BS48 2,BS48
BS48 3,BS48
BS48 4,BS48
BT6 0,BT6
BT9 5,BT9
BT18 0,BT18
BT21 0,BT21
BT23 6,BT23
BT24 7,BT24
BT25 2,BT25
BT30 9,BT30
BT32 4,BT32
BT34 2,BT34
BT36 4,BT36
BT36 6,BT36
BT37 0,BT37
BT38 9,BT38
BT41 3,BT41
BT43 5,BT43
BT47 2,BT47
BT47 3,BT47
BT47 4,BT47
BT51 3,BT51
BT51 4,BT51
BT51 5,BT51
BT74 4,BT74
BT82 0,BT82
CA2 6,CA2
CA3 0,CA3
CA7 4,CA7
CA7 8,CA7
CA8 1,CA8
CA8 2,CA8
CA8 9,CA8
CA13 0,CA13
CA14 1,CA14
CA14 2,CA14
CA14 3,CA14
CA14 4,CA14
CA15 7,CA15
CA28 7,CA28
CB1 2,CB1
CB2 7,CB2
CB8 0,CB8
CB10 2,CB10
CB11 3,CB11
CB11 4,CB11
CB21 4,CB21
CB21 6,CB21
CB22 6,CB22
CB22 7,CB22
CB23 2,CB23
CB23 5,CB23
CB24 3,CB24
CB24 5,CB24
CB24 9,CB24
CB25 9,CB25
CF3 2,CF3
CF3 4,CF3
CF5 2,CF5
CF5 6,CF5
CF14 4,CF14
CF14 6,CF14
CF14 7,CF14
CF15 8,CF15
CF15 9,CF15
CF23 6,CF23
CF23 8,CF23
CF23 9,CF23
CF24 0,CF24
CF31 5,CF31
CF32 7,CF32
CF33 4,CF33
CF35 5,CF35
CF36 5,CF36
CF37 4,CF37
CF38 1,CF38
CF39 9,CF39
CF46 5,CF46
CF46 6,CF46
CF48 1,CF48
CF48 2,CF48
CF61 2,CF61
CF62 5,CF62
CF62 6,CF62
CF64 3,CF64
CF64 5,CF64
CF71 7,CF71
CF83 2,CF83
CF83 3,CF83
CH1 2,CH1
CH1 6,CH1
CH2 1,CH2
CH2 3,CH2
CH3 6,CH3
CH3 7,CH3
CH4 7,CH4
CH5 3,CH5
CH5 4,CH5
CH7 3,CH7
CH7 6,CH7
CH41 9,CH41
CH42 9,CH42
CH43 4,CH43
CH43 6,CH43
CH44 2,CH44
CH44 5,CH44
CH44 6,CH44
CH44 7,CH44
CH45 7,CH45
CH46 0,CH46
CH46 1,CH46
CH46 8,CH46
CH47 3,CH47
CH48 1,CH48
CH48 2,CH48
CH48 3,CH48
CH48 4,CH48
CH48 5,CH48
CH48 7,CH48
CH60 0,CH60
CH60 2,CH60
CH60 3,CH60
CH60 4,CH60
CH60 5,CH60
CH60 6,CH60
CH60 8,CH60
CH60 9,CH60
CH61 5,CH61
CH61 6,CH61
CH62 0,CH62
CH63 3,CH63
CH63 5,CH63
CH63 9,CH63
CH64 6,CH64
CM0 7,CM0
CM0 8,CM0
CM1 2,CM1
CM1 7,CM1
CM3 1,CM3
CM3 2,CM3
CM3 4,CM3
CM3 5,CM3
CM3 6,CM3
CM6 1,CM6
CM6 2,CM6
CM6 4,CM6
CM7 3,CM7
CM8 1,CM8
CM9 4,CM9
CM9 5,CM9
CM11 1,CM11
CM12 9,CM12
CM13 1,CM13
CM13 2,CM13
CM13 3,CM13
CM15 0,CM15
CM16 4,CM16
CM16 5,CM16
CM17 0,CM17
CM19 5,CM19
CM21 0,CM21
CM21 9,CM21
CM22 6,CM22
CM22 7,CM22
CM23 1,CM23
CM23 2,CM23
CM23 4,CM23
CM77 8,CM77
CO1 1,CO1
CO1 2,CO1
CO3 3,CO3
CO3 8,CO3
CO4 0,CO4
CO4 3,CO4
CO5 9,CO5
CO6 1,CO6
CO6 3,CO6
CO7 0,CO7
CO7 7,CO7
CO7 8,CO7
CO7 9,CO7
CO8 5,CO8
CO9 3,CO9
CO9 4,CO9
CO10 9,CO10
CO11 1,CO11
CO11 2,CO11
CO12 3,CO12
CO13 0,CO13
CO13 9,CO13
CO14 8,CO14
CO15 1,CO15
CO15 3,CO15
CO15 5,CO15
CO16 7,CO16
CO16 8,CO16
CR0 1,CR0
CR0 5,CR0
CR0 8,CR0
CR0 9,CR0
CR2 0,CR2
CR2 6,CR2
CR2 7,CR2
CR2 8,CR2
CR3 0,CR3
CR3 6,CR3
CR4 3,CR4
CR5 3,CR5
CR6 9,CR6
CR7 6,CR7
CR7 8,CR7
CR8 2,CR8
CR8 3,CR8
CR8 4,CR8
CR8 5,CR8
CT2 0,CT2
CT2 9,CT2
CT3 1,CT3
CT3 2,CT3
CT3 3,CT3
CT4 5,CT4
CT4 6,CT4
CT4 7,CT4
CT4 8,CT4
CT7 0,CT7
CT8 8,CT8
CT9 4,CT9
CT9 5,CT9
CT10 1,CT10
CT10 3,CT10
CT11 8,CT11
CT13 0,CT13
CT14 6,CT14
CT15 4,CT15
CT15 5,CT15
CT15 6,CT15
CT15 7,CT15
CT16 3,CT16
CT17 0,CT17
CT17 9,CT17
CT18 7,CT18
CT18 8,CT18
CT19 6,CT19
CV1 4,CV1
CV2 2,CV2
CV2 3,CV2
CV2 5,CV2
CV3 4,CV3
CV3 6,CV3
CV5 6,CV5
CV5 7,CV5
CV5 9,CV5
CV6 1,CV6
CV6 3,CV6
CV6 6,CV6
CV6 7,CV6
CV8 1,CV8
CV8 2,CV8
CV8 3,CV8
CV9 1,CV9
CV12 9,CV12
CV13 6,CV13
CV22 5,CV22
CV22 6,CV22
CV23 8,CV23
CV23 9,CV23
CV31 1,CV31
CV31 2,CV31
CV32 7,CV32
CV34 4,CV34
CV34 6,CV34
CV35 8,CV35
CV35 9,CV35
CV37 0,CV37
CV37 8,CV37
CV37 9,CV37
CV47 0,CV47
CV47 1,CV47
CV47 2,CV47
CV47 7,CV47
CV47 8,CV47
CV47 9,CV47
CW1 6,CW1
CW3 0,CW3
CW3 9,CW3
CW4 7,CW4
CW5 8,CW5
CW8 1,CW8
CW9 5,CW9
CW9 8,CW9
CW11 1,CW11
CW12 1,CW12
CW12 2,CW12
CW12 4,CW12
DA1 3,DA1
DA1 4,DA1
DA2 7,DA2
DA2 8,DA2
DA4 0,DA4
DA5 1,DA5
DA5 2,DA5
DA5 3,DA5
DA6 8,DA6
DA7 4,DA7
DA7 6,DA7
DA10 0,DA10
DA10 1,DA10
DA12 3,DA12
DA14 6,DA14
DD6 9,DD6
DD7 7,DD7
DD8 4,DD8
DD9 6,DD9
DE1 1,DE1
DE1 3,DE1
DE4 4,DE4
DE5 8,DE5
DE6 3,DE6
DE6 4,DE6
DE6 5,DE6
DE7 4,DE7
DE11 0,DE11
DE13 8,DE13
DE21 2,DE21
DE21 5,DE21
DE22 2,DE22
DE22 5,DE22
DE23 1,DE23
DE23 2,DE23
DE23 4,DE23
DE24 3,DE24
DE24 5,DE24
DE55 4,DE55
DE56 1,DE56
DE56 2,DE56
DE65 5,DE65
DE65 6,DE65
DE72 2,DE72
DE73 5,DE73
DE73 8,DE73
DE74 2,DE74
DG1 1,DG1
DG2 0,DG2
DG2 7,DG2
DG3 4,DG3
DG3 5,DG3
DG8 7,DG8
DG8 9,DG8
DG9 0,DG9
DG11 1,DG11
DG16 5,DG16
DH2 1,DH2
DH4 6,DH4
DH5 0,DH5
DH5 8,DH5
DH5 9,DH5
DH7 0,DH7
DH7 6,DH7
DH7 7,DH7
DH7 9,DH7
DL5 6,DL5
DL6 2,DL6
DL7 0,DL7
DL8 3,DL8
DL9 4,DL9
DL10 5,DL10
DL10 6,DL10
DL12 0,DL12
DL12 8,DL12
DL12 9,DL12
DL14 8,DL14
DL14 9,DL14
DL16 6,DL16
DN2 5,DN2
DN2 6,DN2
DN4 9,DN4
DN6 8,DN6
DN6 9,DN6
DN8 4,DN8
DN8 5,DN8
DN9 1,DN9
DN9 2,DN9
DN9 3,DN9
DN10 6,DN10
DN11 9,DN11
DN12 1,DN12
DN14 8,DN14
DN14 9,DN14
DN16 1,DN16
DN17 1,DN17
DN17 4,DN17
DN20 8,DN20
DN21 1,DN21
DN21 2,DN21
DN21 3,DN21
DN21 4,DN21
DN21 5,DN21
DN22 0,DN22
DN32 0,DN32
DN35 0,DN35
DN37 0,DN37
DN37 7,DN37
DN37 8,DN37
DN37 9,DN37
DN41 8,DN41
DT1 1,DT1
DT1 2,DT1
DT1 3,DT1
DT2 9,DT2
DT4 0,DT4
DT4 7,DT4
DT4 8,DT4
DT4 9,DT4
DT6 3,DT6
DT6 5,DT6
DT6 6,DT6
DT7 3,DT7
DT8 3,DT8
DT9 5,DT9
DT9 6,DT9
DT11 8,DT11
DT11 9,DT11
DY3 4,DY3
DY4 8,DY4
DY5 1,DY5
DY5 2,DY5
DY5 3,DY5
DY7 5,DY7
DY7 6,DY7
DY8 1,DY8
DY8 2,DY8
DY8 3,DY8
DY9 7,DY9
DY10 3,DY10
DY11 5,DY11
DY12 1,DY12
DY12 2,DY12
DY12 3,DY12
DY13 8,DY13
E1 0,E1
E1 5,E1
E1 7,E1
E2 9,E2
E3 3,E3
E3 4,E3
E4 7,E4
E5 8,E5
E5 9,E5
E8 3,E8
E11 2,E11
E11 4,E11
E14 0,E14
E14 4,E14
E14 5,E14
E14 6,E14
E14 8,E14
E14 9,E14
E17 7,E17
E17 8,E17
E18 1,E18
EC1R 1,EC1R
EC1R 5,EC1R
EC1V 3,EC1V
EC2A 1,EC2A
EC2A 2,EC2A
EC2A 4,EC2A
EC2M 1,EC2M
EC2M 2,EC2M
EC2M 3,EC2M
EC2M 4,EC2M
EC2M 5,EC2M
EC2M 6,EC2M
EC2M 7,EC2M
EC2Y 5,EC2Y
EC2Y 8,EC2Y
EC2Y 9,EC2Y
EH1 2,EH1
EH3 5,EH3
EH3 7,EH3
EH3 8,EH3
EH4 1,EH4
EH4 3,EH4
EH4 5,EH4
EH4 6,EH4
EH4 7,EH4
EH6 6,EH6
EH6 7,EH6
EH10 4,EH10
EH12 5,EH12
EH12 8,EH12
EH14 3,EH14
EH15 2,EH15
EH16 6,EH16
EH20 9,EH20
EH26 9,EH26
EH27 8,EH27
EH31 2,EH31
EH33 1,EH33
EH34 5,EH34
EH45 8,EH45
EH45 9,EH45
EH47 7,EH47
EH49 7,EH49
EH51 0,EH51
EH53 0,EH53
EH54 8,EH54
EN1 1,EN1
EN1 2,EN1
EN2 7,EN2
EN2 8,EN2
EN3 6,EN3
EN3 7,EN3
EN4 9,EN4
EN5 1,EN5
EN5 3,EN5
EN5 4,EN5
EN5 5,EN5
EN6 1,EN6
EN6 4,EN6
EN8 0,EN8
EN8 7,EN8
EN8 8,EN8
EN8 9,EN8
EN9 1,EN9
EN9 2,EN9
EN10 7,EN10
EN11 8,EN11
EX1 1,EX1
EX2 4,EX2
EX2 5,EX2
EX2 6,EX2
EX2 7,EX2
EX2 8,EX2
EX2 9,EX2
EX3 0,EX3
EX4 0,EX4
EX4 1,EX4
EX4 2,EX4
EX4 3,EX4
EX4 4,EX4
EX4 5,EX4
EX4 6,EX4
EX4 7,EX4
EX4 8,EX4
EX4 9,EX4
EX5 1,EX5
EX5 3,EX5
EX6 6,EX6
EX6 7,EX6
EX6 8,EX6
EX8 2,EX8
EX8 5,EX8
EX10 0,EX10
EX10 8,EX10
EX14 4,EX14
EX15 2,EX15
EX16 4,EX16
EX16 5,EX16
EX16 6,EX16
EX16 7,EX16
EX16 8,EX16
EX16 9,EX16
EX17 5,EX17
EX18 7,EX18
EX20 2,EX20
EX20 3,EX20
EX20 4,EX20
EX21 5,EX21
EX23 8,EX23
EX23 9,EX23
EX31 3,EX31
EX32 7,EX32
EX33 2,EX33
EX34 7,EX34
EX34 8,EX34
EX36 3,EX36
EX36 4,EX36
EX38 7,EX38
EX38 8,EX38
EX39 1,EX39
EX39 2,EX39
EX39 3,EX39
EX39 5,EX39
FK1 1,FK1
FK1 2,FK1
FK1 4,FK1
FK2 0,FK2
FK2 7,FK2
FK2 8,FK2
FK2 9,FK2
FK4 1,FK4
FK5 3,FK5
FK5 4,FK5
FK7 7,FK7
FK7 8,FK7
FK7 9,FK7
FK9 5,FK9
FK10 1,FK10
FK12 5,FK12
FK13 6,FK13
FK15 0,FK15
FK15 9,FK15
FY1 4,FY1
FY1 6,FY1
FY6 0,FY6
FY6 7,FY6
FY6 8,FY6
FY8 1,FY8
FY8 2,FY8
FY8 3,FY8
G1 1,G1
G11 6,G11
G12 9,G12
G13 2,G13
G13 3,G13
G20 0,G20
G20 6,G20
G20 7,G20
G20 8,G20
G20 9,G20
G31 2,G31
G40 1,G40
G40 2,G40
G40 3,G40
G40 4,G40
G42 7,G42
G42 9,G42
G44 3,G44
G53 7,G53
G61 1,G61
G61 3,G61
G63 0,G63
G63 9,G63
G64 2,G64
G66 4,G66
G66 7,G66
G66 8,G66
G68 0,G68
G69 9,G69
G71 7,G71
G71 8,G71
G72 0,G72
G73 1,G73
G73 5,G73
G75 9,G75
G77 6,G77
G82 4,G82
GL1 2,GL1
GL2 8,GL2
GL3 1,GL3
GL3 3,GL3
GL4 6,GL4
GL5 2,GL5
GL6 6,GL6
GL7 3,GL7
GL8 8,GL8
GL10 3,GL10
GL11 4,GL11
GL12 7,GL12
GL14 1,GL14
GL14 2,GL14
GL14 3,GL14
GL15 5,GL15
GL15 6,GL15
GL17 0,GL17
GL19 3,GL19
GL20 5,GL20
GL20 7,GL20
GL50 1,GL50
GL50 2,GL50
GL50 4,GL50
GL51 3,GL51
GL51 9,GL51
GL52 3,GL52
GL52 6,GL52
GL52 7,GL52
GL53 7,GL53
GL53 8,GL53
GL54 2,GL54
GL54 4,GL54
GL55 6,GL55
GL56 0,GL56
GU1 2,GU1
GU1 3,GU1
GU2 7,GU2
GU3 1,GU3
GU4 7,GU4
GU4 8,GU4
GU5 0,GU5
GU6 7,GU6
GU6 8,GU6
GU7 2,GU7
GU8 4,GU8
GU8 5,GU8
GU8 6,GU8
GU9 0,GU9
GU9 8,GU9
GU10 5,GU10
GU11 1,GU11
GU11 2,GU11
GU11 3,GU11
GU12 4,GU12
GU15 2,GU15
GU17 9,GU17
GU19 5,GU19
GU21 5,GU21
GU21 6,GU21
GU21 8,GU21
GU22 0,GU22
GU23 6,GU23
GU23 7,GU23
GU24 8,GU24
GU24 9,GU24
GU25 4,GU25
GU26 6,GU26
GU27 2,GU27
GU29 9,GU29
GU30 7,GU30
GU31 4,GU31
GU31 5,GU31
GU32 1,GU32
GU32 2,GU32
GU32 3,GU32
GU34 2,GU34
GU34 3,GU34
GU34 4,GU34
GU35 0,GU35
GU35 9,GU35
GU46 6,GU46
GU47 8,GU47
GU51 1,GU51
GU51 4,GU51
GU52 7,GU52
GU52 8,GU52
HA0 1,HA0
HA1 4,HA1
HA2 8,HA2
HA3 0,HA3
HA3 8,HA3
HA4 0,HA4
HA4 6,HA4
HA4 7,HA4
HA4 8,HA4
HA5 1,HA5
HA5 3,HA5
HA5 4,HA5
HA6 2,HA6
HA6 3,HA6
HA7 1,HA7
HA7 2,HA7
HA7 3,HA7
HA7 4,HA7
HA8 7,HA8
HA8 8,HA8
HA8 9,HA8
HA9 6,HA9
HD1 3,HD1
HD1 6,HD1
HD4 6,HD4
HD6 1,HD6
HD6 4,HD6
HD7 4,HD7
HD7 5,HD7
HD8 0,HD8
HD8 8,HD8
HD8 9,HD8
HD9 2,HD9
HD9 6,HD9
HG1 5,HG1
HG2 0,HG2
HG2 8,HG2
HG2 9,HG2
HG3 1,HG3
HG3 3,HG3
HG3 4,HG3
HG4 1,HG4
HG4 3,HG4
HG4 5,HG4
HP2 7,HP2
HP3 0,HP3
HP3 8,HP3
HP4 2,HP4
HP4 3,HP4
HP5 1,HP5
HP6 5,HP6
HP6 6,HP6
HP7 0,HP7
HP7 9,HP7
HP8 4,HP8
HP9 1,HP9
HP10 0,HP10
HP10 8,HP10
HP11 1,HP11
HP12 3,HP12
HP13 7,HP13
HP14 4,HP14
HP15 6,HP15
HP16 0,HP16
HP16 9,HP16
HP17 0,HP17
HP17 9,HP17
HP18 9,HP18
HP21 9,HP21
HP22 4,HP22
HP22 5,HP22
HP22 6,HP22
HP22 7,HP22
HP23 5,HP23
HP23 6,HP23
HP27 0,HP27
HP27 9,HP27
HR1 2,HR1
HR2 6,HR2
HR4 8,HR4
HR4 9,HR4
HR7 4,HR7
HU2 9,HU2
HU4 6,HU4
HU12 0,HU12
HU14 3,HU14
HU17 7,HU17
HU17 9,HU17
HX1 1,HX1
HX1 5,HX1
HX2 6,HX2
HX2 7,HX2
HX2 9,HX2
HX3 6,HX3
HX4 8,HX4
HX5 9,HX5
HX6 1,HX6
HX6 4,HX6
HX7 8,HX7
IG1 3,IG1
IG1 4,IG1
IG2 7,IG2
IG3 9,IG3
IG4 5,IG4
IG6 1,IG6
IG7 4,IG7
IG7 6,IG7
IG8 0,IG8
IG8 8,IG8
IG9 5,IG9
IG9 6,IG9
IG10 4,IG10
IG11 9,IG11
IP1 3,IP1
IP1 4,IP1
IP2 0,IP2
IP2 8,IP2
IP4 1,IP4
IP5 3,IP5
IP6 0,IP6
IP6 9,IP6
IP9 1,IP9
IP11 7,IP11
IP12 3,IP12
IP12 4,IP12
IP16 4,IP16
IP18 6,IP18
IP19 8,IP19
IP19 9,IP19
IP20 0,IP20
IP20 9,IP20
IP21 4,IP21
IP21 5,IP21
IP22 1,IP22
IP22 2,IP22
IP23 8,IP23
IP24 1,IP24
IP25 7,IP25
IP26 5,IP26
IP30 9,IP30
IP31 1,IP31
IV2 6,IV2
IV3 8,IV3
IV7 8,IV7
IV19 1,IV19
IV30 4,IV30
IV30 5,IV30
IV30 8,IV30
KA1 5,KA1
KA3 5,KA3
KA4 8,KA4
KA5 5,KA5
KA5 6,KA5
KA7 1,KA7
KA7 2,KA7
KA9 1,KA9
KA27 8,KA27
KA30 8,KA30
KT1 1,KT1
KT1 3,KT1
KT1 4,KT1
KT2 6,KT2
KT3 4,KT3
KT3 5,KT3
KT4 7,KT4
KT5 9,KT5
KT6 4,KT6
KT6 5,KT6
KT8 9,KT8
KT10 9,KT10
KT11 1,KT11
KT11 2,KT11
KT11 3,KT11
KT12 1,KT12
KT12 4,KT12
KT12 5,KT12
KT13 0,KT13
KT13 8,KT13
KT13 9,KT13
KT14 7,KT14
KT15 1,KT15
KT15 3,KT15
KT16 0,KT16
KT16 8,KT16
KT17 2,KT17
KT17 3,KT17
KT17 4,KT17
KT18 7,KT18
KT19 0,KT19
KT19 9,KT19
KT20 6,KT20
KT20 7,KT20
KT21 1,KT21
KT21 2,KT21
KT22 0,KT22
KT22 9,KT22
KT24 6,KT24
KY1 4,KY1
KY7 6,KY7
KY12 0,KY12
KY13 0,KY13
KY15 5,KY15
KY16 0,KY16
KY16 8,KY16
KY16 9,KY16
L1 3,L1
L3 0,L3
L3 1,L3
L3 2,L3
L3 3,L3
L3 4,L3
L3 5,L3
L3 6,L3
L3 7,L3
L3 8,L3
L3 9,L3
L4 5,L4
L6 3,L6
L6 7,L6
L7 0,L7
L7 9,L7
L8 9,L8
L9 0,L9
L10 4,L10
L10 8,L10
L11 7,L11
L12 8,L12
L13 0,L13
L14 5,L14
L15 2,L15
L15 7,L15
L15 9,L15
L16 7,L16
L16 9,L16
L17 1,L17
L17 4,L17
L17 5,L17
L17 6,L17
L17 9,L17
L18 2,L18
L18 5,L18
L18 9,L18
L20 3,L20
L20 6,L20
L21 0,L21
L21 4,L21
L21 7,L21
L23 3,L23
L24 4,L24
L25 7,L25
L26 1,L26
L26 9,L26
L30 3,L30
L31 2,L31
L31 7,L31
L31 9,L31
L33 5,L33
L33 6,L33
L34 0,L34
L34 1,L34
L34 2,L34
L34 8,L34
L35 8,L35
L36 6,L36
L37 2,L37
L37 3,L37
L37 7,L37
L38 0,L38
L38 1,L38
L38 3,L38
L38 5,L38
L38 6,L38
L38 9,L38
L39 1,L39
L39 2,L39
L39 5,L39
L39 9,L39
L40 0,L40
L40 1,L40
L40 2,L40
L40 3,L40
L40 4,L40
L40 5,L40
L40 6,L40
L40 8,L40
L40 9,L40
LA1 1,LA1
LA1 2,LA1
LA1 3,LA1
LA1 4,LA1
LA1 5,LA1
LA2 9,LA2
LA4 4,LA4
LA5 9,LA5
LA6 3,LA6
LA7 7,LA7
LA9 5,LA9
LA9 6,LA9
LA9 7,LA9
LA11 6,LA11
LA12 7,LA12
LA12 9,LA12
LA14 4,LA14
LA15 8,LA15
LA22 0,LA22
LA22 9,LA22
LA23 2,LA23
LD1 6,LD1
LD3 0,LD3
LD3 7,LD3
LD3 8,LD3
LD3 9,LD3
LE2 0,LE2
LE2 2,LE2
LE2 3,LE2
LE3 0,LE3
LE3 5,LE3
LE3 8,LE3
LE4 0,LE4
LE4 5,LE4
LE5 5,LE5
LE5 6,LE5
LE6 0,LE6
LE7 1,LE7
LE7 2,LE7
LE7 7,LE7
LE7 9,LE7
LE9 3,LE9
LE9 9,LE9
LE11 1,LE11
LE12 5,LE12
LE14 2,LE14
LE14 3,LE14
LE14 4,LE14
LE15 9,LE15
LE17 4,LE17
LE65 2,LE65
LE67 8,LE67
LL11 3,LL11
LL12 0,LL12
LL13 0,LL13
LL13 9,LL13
LL14 2,LL14
LL18 4,LL18
LL18 6,LL18
LL20 8,LL20
LL22 8,LL22
LL24 0,LL24
LL29 7,LL29
LL30 1,LL30
LL32 8,LL32
LL36 0,LL36
LL36 9,LL36
LL41 3,LL41
LL49 9,LL49
LL53 6,LL53
LL55 3,LL55
LL57 4,LL57
LL58 8,LL58
LL59 5,LL59
LL77 7,LL77
LL77 8,LL77
LN1 1,LN1
LN1 2,LN1
LN3 4,LN3
LN4 2,LN4
LN4 4,LN4
LN6 9,LN6
LN8 3,LN8
LN9 5,LN9
LN10 5,LN10
LN10 6,LN10
LN11 0,LN11
LN11 7,LN11
LN11 9,LN11
LN12 1,LN12
LN12 2,LN12
LS1 1,LS1
LS1 2,LS1
LS1 6,LS1
LS7 2,LS7
LS7 4,LS7
LS8 4,LS8
LS9 0,LS9
LS9 6,LS9
LS9 7,LS9
LS10 1,LS10
LS11 8,LS11
LS12 1,LS12
LS12 3,LS12
LS12 4,LS12
LS13 1,LS13
LS14 3,LS14
LS14 5,LS14
LS16 8,LS16
LS17 0,LS17
LS17 6,LS17
LS17 7,LS17
LS17 8,LS17
LS17 9,LS17
LS18 5,LS18
LS19 6,LS19
LS20 9,LS20
LS21 1,LS21
LS21 2,LS21
LS21 3,LS21
LS22 6,LS22
LS23 6,LS23
LS23 7,LS23
LS24 8,LS24
LS24 9,LS24
LS25 1,LS25
LS25 2,LS25
LS25 3,LS25
LS25 4,LS25
LS25 5,LS25
LS25 6,LS25
LS25 7,LS25
LS26 9,LS26
LS28 5,LS28
LS28 7,LS28
LS29 8,LS29
LU1 4,LU1
LU3 1,LU3
LU6 2,LU6
LU6 3,LU6
LU7 0,LU7
LU7 2,LU7
M1 3,M1
M1 4,M1
M3 2,M3
M3 7,M3
M4 1,M4
M4 4,M4
M4 5,M4
M5 4,M5
M8 4,M8
M8 5,M8
M8 9,M8
M9 5,M9
M16 0,M16
M16 7,M16
M16 8,M16
M16 9,M16
M20 1,M20
M20 2,M20
M20 4,M20
M22 0,M22
M23 9,M23
M25 3,M25
M27 0,M27
M28 2,M28
M28 7,M28
M29 7,M29
M30 8,M30
M30 9,M30
M33 3,M33
M33 4,M33
M34 2,M34
M35 9,M35
M41 0,M41
M41 5,M41
M41 8,M41
M45 7,M45
ME1 2,ME1
ME1 3,ME1
ME2 1,ME2
ME4 3,ME4
ME6 5,ME6
ME7 2,ME7
ME8 0,ME8
ME8 9,ME8
ME9 8,ME9
ME10 1,ME10
ME10 2,ME10
ME10 3,ME10
ME10 4,ME10
ME10 5,ME10
ME13 8,ME13
ME14 1,ME14
ME15 0,ME15
ME16 0,ME16
ME16 8,ME16
ME16 9,ME16
ME17 1,ME17
ME17 3,ME17
ME18 5,ME18
ME18 6,ME18
ME19 5,ME19
ME19 6,ME19
MK3 5,MK3
MK3 6,MK3
MK4 3,MK4
MK4 4,MK4
MK5 6,MK5
MK5 7,MK5
MK5 8,MK5
MK7 8,MK7
MK8 9,MK8
MK10 0,MK10
MK10 7,MK10
MK10 9,MK10
MK11 2,MK11
MK13 0,MK13
MK13 7,MK13
MK14 5,MK14
MK14 6,MK14
MK14 7,MK14
MK15 0,MK15
MK15 8,MK15
MK15 9,MK15
MK17 9,MK17
MK18 2,MK18
MK18 3,MK18
MK19 6,MK19
MK40 2,MK40
MK40 3,MK40
MK40 4,MK40
MK42 6,MK42
MK42 7,MK42
MK43 7,MK43
MK43 8,MK43
MK44 1,MK44
MK45 5,MK45
MK46 5,MK46
ML3 6,ML3
ML6 8,ML6
ML8 4,ML8
ML9 1,ML9
N1 3,N1
N1 4,N1
N1 5,N1
N1 6,N1
N1 8,N1
N1 9,N1
N2 0,N2
N2 8,N2
N2 9,N2
N3 2,N3
N3 3,N3
N4 4,N4
N6 4,N6
N6 5,N6
N6 6,N6
N7 7,N7
N8 0,N8
N8 8,N8
N8 9,N8
N9 9,N9
N10 1,N10
N10 3,N10
N11 1,N11
N12 7,N12
N12 8,N12
N13 4,N13
N14 4,N14
N14 5,N14
N14 6,N14
N16 8,N16
N17 0,N17
N17 6,N17
N18 1,N18
N20 0,N20
N20 8,N20
N20 9,N20
N21 1,N21
N21 3,N21
NE1 1,NE1
NE1 2,NE1
NE2 2,NE2
NE2 4,NE2
NE3 1,NE3
NE3 4,NE3
NE3 5,NE3
NE5 5,NE5
NE6 1,NE6
NE6 4,NE6
NE8 1,NE8
NE9 7,NE9
NE10 0,NE10
NE12 6,NE12
NE13 8,NE13
NE13 9,NE13
NE20 9,NE20
NE21 5,NE21
NE22 6,NE22
NE22 7,NE22
NE23 3,NE23
NE26 2,NE26
NE26 4,NE26
NE28 7,NE28
NE30 1,NE30
NE30 4,NE30
NE31 2,NE31
NE33 3,NE33
NE38 9,NE38
NE46 2,NE46
NE46 4,NE46
NE61 2,NE61
NE65 0,NE65
NE65 8,NE65
NE65 9,NE65
NE66 1,NE66
NE66 3,NE66
NE66 4,NE66
NE66 5,NE66
NG1 1,NG1
NG1 2,NG1
NG1 4,NG1
NG1 5,NG1
NG1 6,NG1
NG1 7,NG1
NG2 6,NG2
NG3 7,NG3
NG5 2,NG5
NG5 7,NG5
NG7 2,NG7
NG7 4,NG7
NG7 7,NG7
NG8 2,NG8
NG8 6,NG8
NG9 1,NG9
NG9 7,NG9
NG10 1,NG10
NG10 2,NG10
NG11 6,NG11
NG11 7,NG11
NG12 1,NG12
NG12 2,NG12
NG12 3,NG12
NG12 4,NG12
NG13 0,NG13
NG13 8,NG13
NG13 9,NG13
NG14 7,NG14
NG15 8,NG15
NG15 9,NG15
NG16 3,NG16
NG17 8,NG17
NG17 9,NG17
NG19 0,NG19
NG19 6,NG19
NG19 7,NG19
NG19 8,NG19
NG19 9,NG19
NG20 0,NG20
NG20 9,NG20
NG22 0,NG22
NG22 8,NG22
NG22 9,NG22
NG23 7,NG23
NG24 1,NG24
NG24 2,NG24
NG25 0,NG25
NG31 6,NG31
NG31 8,NG31
NG31 9,NG31
NG32 1,NG32
NG32 2,NG32
NG34 0,NG34
NG34 7,NG34
NG34 9,NG34
NN1 1,NN1
NN1 3,NN1
NN2 6,NN2
NN2 7,NN2
NN2 8,NN2
NN3 3,NN3
NN4 0,NN4
NN4 6,NN4
NN4 8,NN4
NN4 9,NN4
NN5 6,NN5
NN5 7,NN5
NN6 0,NN6
NN6 7,NN6
NN6 8,NN6
NN7 1,NN7
NN7 2,NN7
NN8 3,NN8
NN10 0,NN10
NN10 6,NN10
NN11 0,NN11
NN11 2,NN11
NN11 3,NN11
NN11 4,NN11
NN11 6,NN11
NN11 7,NN11
NN11 8,NN11
NN11 9,NN11
NN12 6,NN12
NN12 7,NN12
NN12 8,NN12
NN13 6,NN13
NN13 7,NN13
NN14 1,NN14
NN16 0,NN16
NP4 0,NP4
NP10 0,NP10
NP11 4,NP11
NP11 5,NP11
NP15 1,NP15
NP15 2,NP15
NP16 7,NP16
NP19 8,NP19
NP20 3,NP20
NP20 5,NP20
NP22 3,NP22
NP23 7,NP23
NP24 6,NP24
NP26 3,NP26
NP26 4,NP26
NP26 5,NP26
NP44 2,NP44
NP44 3,NP44
NP44 8,NP44
NR1 1,NR1
NR1 2,NR1
NR1 3,NR1
NR1 4,NR1
NR2 4,NR2
NR5 0,NR5
NR6 5,NR6
NR6 6,NR6
NR6 7,NR6
NR9 5,NR9
NR11 6,NR11
NR11 7,NR11
NR12 7,NR12
NR12 8,NR12
NR13 4,NR13
NR13 5,NR13
NR13 6,NR13
NR14 6,NR14
NR14 7,NR14
NR14 8,NR14
NR15 1,NR15
NR15 2,NR15
NR18 0,NR18
NR19 2,NR19
NR20 3,NR20
NR20 4,NR20
NR20 5,NR20
NR21 7,NR21
NR23 1,NR23
NR28 0,NR28
NR29 3,NR29
NR29 4,NR29
NR29 5,NR29
NR30 5,NR30
NR31 6,NR31
NR32 3,NR32
NR32 5,NR32
NR33 7,NR33
NR33 8,NR33
NR33 9,NR33
NR34 7,NR34
NR35 2,NR35
NW1 2,NW1
NW2 3,NW2
NW2 5,NW2
NW2 6,NW2
NW3 3,NW3
NW3 4,NW3
NW3 5,NW3
NW3 7,NW3
NW4 1,NW4
NW4 2,NW4
NW4 3,NW4
NW4 4,NW4
NW5 1,NW5
NW6 1,NW6
NW6 4,NW6
NW6 5,NW6
NW6 6,NW6
NW7 3,NW7
NW7 4,NW7
NW8 0,NW8
NW8 6,NW8
NW8 7,NW8
NW8 8,NW8
NW8 9,NW8
NW9 0,NW9
NW10 2,NW10
NW10 3,NW10
NW10 6,NW10
NW11 0,NW11
NW11 6,NW11
NW11 7,NW11
NW11 8,NW11
NW11 9,NW11
OL2 5,OL2
OL2 8,OL2
OL4 3,OL4
OL7 0,OL7
OL7 9,OL7
OL9 0,OL9
OL9 6,OL9
OL9 7,OL9
OL10 1,OL10
OL10 4,OL10
OL11 1,OL11
OL13 8,OL13
OL14 7,OL14
OL14 8,OL14
OL15 0,OL15
OL15 8,OL15
OL16 1,OL16
OL16 2,OL16
OL16 3,OL16
OL16 4,OL16
OX1 5,OX1
OX2 6,OX2
OX2 7,OX2
OX2 8,OX2
OX3 9,OX3
OX4 3,OX4
OX5 3,OX5
OX7 3,OX7
OX7 4,OX7
OX7 5,OX7
OX7 6,OX7
OX7 7,OX7
OX10 0,OX10
OX10 6,OX10
OX10 7,OX10
OX10 8,OX10
OX10 9,OX10
OX11 0,OX11
OX11 7,OX11
OX12 0,OX12
OX12 8,OX12
OX13 5,OX13
OX13 6,OX13
OX14 3,OX14
OX14 4,OX14
OX14 5,OX14
OX15 0,OX15
OX16 1,OX16
OX16 4,OX16
OX17 2,OX17
OX17 3,OX17
OX20 1,OX20
OX25 2,OX25
OX25 3,OX25
OX25 6,OX25
OX26 1,OX26
OX26 2,OX26
OX26 3,OX26
OX26 4,OX26
OX26 6,OX26
OX28 6,OX28
OX44 7,OX44
PA2 8,PA2
PA4 0,PA4
PA4 9,PA4
PA5 0,PA5
PA6 7,PA6
PA7 5,PA7
PA11 3,PA11
PA12 4,PA12
PE4 5,PE4
PE6 9,PE6
PE8 4,PE8
PE8 5,PE8
PE11 4,PE11
PE12 7,PE12
PE12 8,PE12
PE13 3,PE13
PE13 5,PE13
PE14 0,PE14
PE14 7,PE14
PE19 5,PE19
PE20 1,PE20
PE20 2,PE20
PE21 1,PE21
PE21 6,PE21
PE21 7,PE21
PE21 8,PE21
PE21 9,PE21
PE24 4,PE24
PE26 1,PE26
PE28 3,PE28
PE28 9,PE28
PE29 7,PE29
PE30 1,PE30
PE30 3,PE30
PE30 5,PE30
PE31 7,PE31
PE31 8,PE31
PE32 1,PE32
PE33 9,PE33
PE37 8,PE37
PE38 9,PE38
PH1 1,PH1
PH2 6,PH2
PH22 1,PH22
PL3 4,PL3
PL3 5,PL3
PL6 6,PL6
PL6 8,PL6
PL7 1,PL7
PL7 2,PL7
PL9 8,PL9
PL10 1,PL10
PL12 5,PL12
PL12 6,PL12
PL13 1,PL13
PL14 3,PL14
PL14 4,PL14
PL14 5,PL14
PL15 7,PL15
PL17 7,PL17
PL19 0,PL19
PL19 8,PL19
PL19 9,PL19
PL20 6,PL20
PL20 7,PL20
PL21 0,PL21
PL22 0,PL22
PL23 1,PL23
PL25 4,PL25
PL25 5,PL25
PL28 8,PL28
PL31 1,PL31
PL31 2,PL31
PO1 1,PO1
PO1 5,PO1
PO2 0,PO2
PO2 7,PO2
PO2 8,PO2
PO2 9,PO2
PO3 6,PO3
PO5 2,PO5
PO8 0,PO8
PO9 6,PO9
PO12 2,PO12
PO13 8,PO13
PO13 9,PO13
PO14 1,PO14
PO16 0,PO16
PO16 7,PO16
PO18 0,PO18
PO18 8,PO18
PO18 9,PO18
PO19 1,PO19
PO19 8,PO19
PO21 1,PO21
PO22 0,PO22
PO22 8,PO22
PO31 7,PO31
PO31 8,PO31
PO35 5,PO35
PO36 0,PO36
PO36 8,PO36
PO40 9,PO40
PR1 9,PR1
PR2 5,PR2
PR2 8,PR2
PR3 0,PR3
PR3 2,PR3
PR3 3,PR3
PR4 0,PR4
PR4 3,PR4
PR4 4,PR4
PR5 6,PR5
PR6 9,PR6
PR7 2,PR7
PR7 6,PR7
PR7 7,PR7
PR8 1,PR8
PR8 2,PR8
PR8 4,PR8
PR8 6,PR8
PR25 3,PR25
RG1 5,RG1
RG4 6,RG4
RG4 8,RG4
RG4 9,RG4
RG6 4,RG6
RG6 7,RG6
RG7 3,RG7
RG7 6,RG7
RG8 0,RG8
RG8 7,RG8
RG9 1,RG9
RG9 3,RG9
RG9 4,RG9
RG9 6,RG9
RG12 0,RG12
RG12 2,RG12
RG12 9,RG12
RG14 2,RG14
RG14 3,RG14
RG14 5,RG14
RG14 7,RG14
RG17 9,RG17
RG19 3,RG19
RG19 8,RG19
RG20 4,RG20
RG20 5,RG20
RG20 6,RG20
RG20 7,RG20
RG20 8,RG20
RG21 5,RG21
RG21 7,RG21
RG26 4,RG26
RG28 7,RG28
RG29 1,RG29
RG30 1,RG30
RG31 4,RG31
RG31 6,RG31
RG40 1,RG40
RG40 4,RG40
RG41 1,RG41
RG41 2,RG41
RG41 3,RG41
RG41 4,RG41
RG41 5,RG41
RG42 1,RG42
RG42 2,RG42
RG42 3,RG42
RG42 5,RG42
RG42 6,RG42
RG42 7,RG42
RG45 6,RG45
RG45 7,RG45
RH1 1,RH1
RH1 2,RH1
RH1 6,RH1
RH2 0,RH2
RH2 9,RH2
RH3 7,RH3
RH5 4,RH5
RH5 5,RH5
RH5 6,RH5
RH6 0,RH6
RH7 6,RH7
RH8 0,RH8
RH8 9,RH8
RH10 3,RH10
RH11 6,RH11
RH12 1,RH12
RH13 5,RH13
RH13 6,RH13
RH13 8,RH13
RH13 9,RH13
RH14 9,RH14
RH16 1,RH16
RH16 2,RH16
RH16 3,RH16
RH17 6,RH17
RH17 7,RH17
RH19 3,RH19
RH20 1,RH20
RH20 2,RH20
RH20 3,RH20
RH20 4,RH20
RM1 3,RM1
RM2 6,RM2
RM3 0,RM3
RM3 7,RM3
RM5 3,RM5
RM11 1,RM11
RM11 3,RM11
RM12 4,RM12
RM12 6,RM12
RM13 8,RM13
RM14 1,RM14
RM14 2,RM14
RM14 3,RM14
RM15 4,RM15
RM16 3,RM16
RM18 7,RM18
RM20 4,RM20
S2 3,S2
S3 9,S3
S4 7,S4
S4 8,S4
S5 0,S5
S6 1,S6
S9 2,S9
S9 4,S9
S9 5,S9
S10 3,S10
S10 4,S10
S11 7,S11
S12 3,S12
S13 8,S13
S18 7,S18
S20 2,S20
S20 4,S20
S20 7,S20
S21 1,S21
S21 2,S21
S21 3,S21
S21 4,S21
S21 5,S21
S25 1,S25
S25 5,S25
S32 1,S32
S32 2,S32
S32 3,S32
S32 4,S32
S32 5,S32
S33 6,S33
S33 7,S33
S33 8,S33
S33 9,S33
S35 1,S35
S35 2,S35
S35 3,S35
S35 7,S35
S35 8,S35
S35 9,S35
S36 9,S36
S40 2,S40
S41 0,S41
S41 7,S41
S42 5,S42
S44 5,S44
S44 6,S44
S60 3,S60
S60 4,S60
S62 5,S62
S65 2,S65
S65 4,S65
S66 1,S66
S66 2,S66
S66 3,S66
S66 7,S66
S66 8,S66
S66 9,S66
S70 4,S70
S72 7,S72
S72 9,S72
S73 9,S73
S75 2,S75
S75 3,S75
S75 4,S75
S75 5,S75
S80 1,S80
S80 2,S80
SA1 7,SA1
SA2 0,SA2
SA2 7,SA2
SA3 3,SA3
SA3 4,SA3
SA4 0,SA4
SA4 8,SA4
SA4 9,SA4
SA5 4,SA5
SA5 8,SA5
SA7 0,SA7
SA7 9,SA7
SA8 3,SA8
SA12 6,SA12
SA14 8,SA14
SA15 3,SA15
SA15 4,SA15
SA17 5,SA17
SA18 3,SA18
SA19 6,SA19
SA19 7,SA19
SA19 8,SA19
SA19 9,SA19
SA31 2,SA31
SA32 7,SA32
SA33 6,SA33
SA34 0,SA34
SA43 1,SA43
SA43 2,SA43
SA44 4,SA44
SA48 8,SA48
SA61 1,SA61
SA67 8,SA67
SA68 0,SA68
SA70 7,SA70
SA70 8,SA70
SA71 4,SA71
SA72 4,SA72
SA72 6,SA72
SE1 2,SE1
SE1 4,SE1
SE1 6,SE1
SE1 9,SE1
SE2 0,SE2
SE3 0,SE3
SE3 7,SE3
SE3 8,SE3
SE3 9,SE3
SE5 0,SE5
SE5 8,SE5
SE6 1,SE6
SE6 2,SE6
SE9 2,SE9
SE9 4,SE9
SE9 6,SE9
SE10 8,SE10
SE10 9,SE10
SE11 4,SE11
SE12 0,SE12
SE12 9,SE12
SE14 5,SE14
SE14 6,SE14
SE15 2,SE15
SE16 4,SE16
SE16 5,SE16
SE16 6,SE16
SE16 7,SE16
SE17 3,SE17
SE18 2,SE18
SE18 4,SE18
SE19 1,SE19
SE19 2,SE19
SE19 3,SE19
SE21 8,SE21
SE22 0,SE22
SE22 8,SE22
SE22 9,SE22
SE23 1,SE23
SE23 2,SE23
SE23 3,SE23
SE24 0,SE24
SE26 4,SE26
SE27 0,SE27
SE28 0,SE28
SG1 2,SG1
SG1 3,SG1
SG1 5,SG1
SG1 6,SG1
SG3 6,SG3
SG4 9,SG4
SG6 2,SG6
SG6 3,SG6
SG6 4,SG6
SG7 5,SG7
SG7 6,SG7
SG8 0,SG8
SG8 6,SG8
SG8 7,SG8
SG8 9,SG8
SG9 9,SG9
SG12 0,SG12
SG12 8,SG12
SG13 8,SG13
SG16 6,SG16
SK2 6,SK2
SK3 9,SK3
SK4 3,SK4
SK4 4,SK4
SK6 1,SK6
SK6 3,SK6
SK6 5,SK6
SK7 1,SK7
SK7 2,SK7
SK7 3,SK7
SK7 6,SK7
SK8 4,SK8
SK8 7,SK8
SK9 1,SK9
SK9 2,SK9
SK9 6,SK9
SK9 7,SK9
SK10 2,SK10
SK10 3,SK10
SK10 4,SK10
SK10 5,SK10
SK11 6,SK11
SK13 2,SK13
SK14 2,SK14
SK17 6,SK17
SK22 1,SK22
SK22 2,SK22
SK22 3,SK22
SK23 0,SK23
SK23 6,SK23
SL1 1,SL1
SL1 9,SL1
SL2 3,SL2
SL2 4,SL2
SL4 2,SL4
SL4 3,SL4
SL4 4,SL4
SL5 0,SL5
SL5 7,SL5
SL5 8,SL5
SL5 9,SL5
SL6 4,SL6
SL6 6,SL6
SL7 1,SL7
SL7 2,SL7
SL7 3,SL7
SL8 5,SL8
SL9 0,SL9
SL9 8,SL9
SM1 1,SM1
SM1 2,SM1
SM2 5,SM2
SM3 9,SM3
SM4 6,SM4
SM5 1,SM5
SM7 1,SM7
SM7 2,SM7
SM7 3,SM7
SN1 4,SN1
SN2 2,SN2
SN2 5,SN2
SN4 8,SN4
SN4 9,SN4
SN5 0,SN5
SN5 3,SN5
SN5 8,SN5
SN6 7,SN6
SN7 7,SN7
SN8 4,SN8
SN10 5,SN10
SN11 0,SN11
SN11 8,SN11
SN12 8,SN12
SN13 0,SN13
SN13 8,SN13
SN13 9,SN13
SN14 0,SN14
SN14 7,SN14
SN15 1,SN15
SN15 4,SN15
SN16 0,SN16
SN16 9,SN16
SN25 1,SN25
SN25 4,SN25
SO14 1,SO14
SO14 3,SO14
SO14 5,SO14
SO14 6,SO14
SO14 7,SO14
SO15 2,SO15
SO16 7,SO16
SO17 1,SO17
SO17 2,SO17
SO17 3,SO17
SO18 2,SO18
SO18 6,SO18
SO21 1,SO21
SO21 3,SO21
SO23 9,SO23
SO24 0,SO24
SO30 0,SO30
SO30 4,SO30
SO32 1,SO32
SO32 2,SO32
SO32 3,SO32
SO40 2,SO40
SO40 7,SO40
SO40 8,SO40
SO40 9,SO40
SO41 0,SO41
SO41 3,SO41
SO41 5,SO41
SO41 6,SO41
SO41 9,SO41
SO42 7,SO42
SO43 7,SO43
SO45 1,SO45
SO45 6,SO45
SO50 4,SO50
SO50 8,SO50
SO51 5,SO51
SO51 6,SO51
SO51 9,SO51
SO52 9,SO52
SO53 2,SO53
SO53 4,SO53
SP1 1,SP1
SP1 3,SP1
SP2 0,SP2
SP2 9,SP2
SP3 4,SP3
SP3 5,SP3
SP3 6,SP3
SP4 9,SP4
SP5 3,SP5
SP5 4,SP5
SP5 5,SP5
SP8 4,SP8
SP11 7,SP11
SP11 9,SP11
SR2 8,SR2
SR3 1,SR3
SR3 3,SR3
SR5 1,SR5
SR5 3,SR5
SR5 4,SR5
SR7 0,SR7
SR8 3,SR8
SS0 0,SS0
SS0 7,SS0
SS0 8,SS0
SS1 1,SS1
SS1 3,SS1
SS2 4,SS2
SS2 5,SS2
SS3 0,SS3
SS3 8,SS3
SS4 1,SS4
SS4 2,SS4
SS4 3,SS4
SS5 5,SS5
SS5 6,SS5
SS6 8,SS6
SS7 1,SS7
SS7 2,SS7
SS7 3,SS7
SS8 7,SS8
SS8 8,SS8
SS9 2,SS9
SS9 3,SS9
SS11 7,SS11
SS11 8,SS11
SS12 0,SS12
SS12 9,SS12
SS15 4,SS15
ST1 3,ST1
ST1 5,ST1
ST2 9,ST2
ST5 1,ST5
ST5 3,ST5
ST5 5,ST5
ST6 1,ST6
ST6 2,ST6
ST6 3,ST6
ST6 4,ST6
ST6 5,ST6
ST6 6,ST6
ST6 7,ST6
ST6 8,ST6
ST7 2,ST7
ST7 4,ST7
ST9 0,ST9
ST10 1,ST10
ST11 9,ST11
ST13 8,ST13
ST17 9,ST17
ST18 0,ST18
ST18 9,ST18
ST19 5,ST19
ST19 9,ST19
ST20 0,ST20
SW1A 0,SW1A
SW1A 1,SW1A
SW1A 2,SW1A
SW1H 0,SW1H
SW1H 9,SW1H
SW1P 3,SW1P
SW1P 4,SW1P
SW1V 2,SW1V
SW1V 4,SW1V
SW1Y 5,SW1Y
SW1Y 6,SW1Y
SW2 2,SW2
SW2 4,SW2
SW2 5,SW2
SW3 2,SW3
SW3 3,SW3
SW3 4,SW3
SW3 5,SW3
SW4 0,SW4
SW4 7,SW4
SW4 8,SW4
SW6 1,SW6
SW6 2,SW6
SW6 3,SW6
SW6 4,SW6
SW6 5,SW6
SW6 6,SW6
SW6 7,SW6
SW7 2,SW7
SW7 3,SW7
SW8 1,SW8
SW8 3,SW8
SW8 4,SW8
SW8 5,SW8
SW9 0,SW9
SW9 7,SW9
SW9 9,SW9
SW10 0,SW10
SW10 9,SW10
SW11 1,SW11
SW11 2,SW11
SW11 6,SW11
SW11 8,SW11
SW12 0,SW12
SW13 0,SW13
SW13 9,SW13
SW14 8,SW14
SW15 5,SW15
SW15 6,SW15
SW16 2,SW16
SW16 3,SW16
SW17 0,SW17
SW17 6,SW17
SW17 7,SW17
SW18 1,SW18
SW18 3,SW18
SW18 5,SW18
SW19 2,SW19
SW19 5,SW19
SW19 7,SW19
SW19 8,SW19
SW20 0,SW20
SW20 9,SW20
SY2 5,SY2
SY3 0,SY3
SY3 9,SY3
SY4 4,SY4
SY4 5,SY4
SY5 6,SY5
SY5 7,SY5
SY5 8,SY5
SY6 6,SY6
SY7 8,SY7
SY7 9,SY7
SY10 7,SY10
SY11 3,SY11
SY11 4,SY11
SY13 2,SY13
SY14 7,SY14
SY14 8,SY14
SY20 8,SY20
SY22 6,SY22
SY23 4,SY23
SY24 5,SY24
TA1 4,TA1
TA2 8,TA2
TA3 5,TA3
TA5 2,TA5
TA7 9,TA7
TA8 1,TA8
TA11 6,TA11
TA13 5,TA13
TA19 0,TA19
TA21 0,TA21
TA22 9,TA22
TA24 5,TA24
TD1 2,TD1
TD1 3,TD1
TD5 7,TD5
TD7 4,TD7
TD11 3,TD11
TD12 4,TD12
TD15 1,TD15
TF1 2,TF1
TF1 6,TF1
TF3 5,TF3
TF5 0,TF5
TF6 5,TF6
TF6 6,TF6
TF8 7,TF8
TF9 2,TF9
TF9 4,TF9
TF12 5,TF12
TN2 3,TN2
TN2 5,TN2
TN3 0,TN3
TN3 8,TN3
TN4 8,TN4
TN6 1,TN6
TN6 2,TN6
TN6 3,TN6
TN8 5,TN8
TN8 6,TN8
TN8 7,TN8
TN9 2,TN9
TN10 4,TN10
TN11 0,TN11
TN11 8,TN11
TN11 9,TN11
TN12 7,TN12
TN12 8,TN12
TN13 1,TN13
TN13 2,TN13
TN14 6,TN14
TN15 0,TN15
TN15 6,TN15
TN15 8,TN15
TN15 9,TN15
TN16 1,TN16
TN16 2,TN16
TN18 4,TN18
TN18 5,TN18
TN21 8,TN21
TN21 9,TN21
TN22 3,TN22
TN22 4,TN22
TN23 5,TN23
TN24 0,TN24
TN25 4,TN25
TN25 6,TN25
TN26 2,TN26
TN26 3,TN26
TN27 8,TN27
TN27 9,TN27
TN28 8,TN28
TN29 0,TN29
TN29 9,TN29
TN30 6,TN30
TN31 6,TN31
TN31 7,TN31
TN33 9,TN33
TN34 3,TN34
TN35 4,TN35
TN35 5,TN35
TN38 9,TN38
TN40 2,TN40
TQ1 1,TQ1
TQ1 2,TQ1
TQ1 3,TQ1
TQ2 5,TQ2
TQ2 6,TQ2
TQ2 7,TQ2
TQ2 8,TQ2
TQ3 3,TQ3
TQ4 5,TQ4
TQ4 6,TQ4
TQ6 9,TQ6
TQ7 3,TQ7
TQ9 6,TQ9
TQ12 2,TQ12
TQ12 6,TQ12
TQ13 0,TQ13
TQ13 8,TQ13
TQ14 0,TQ14
TQ14 9,TQ14
TR1 2,TR1
TR2 4,TR2
TR7 3,TR7
TR9 6,TR9
TR11 5,TR11
TR14 0,TR14
TR15 3,TR15
TR18 3,TR18
TR18 4,TR18
TR19 7,TR19
TR20 9,TR20
TR26 2,TR26
TS1 4,TS1
TS2 1,TS2
TS4 3,TS4
TS5 6,TS5
TS6 9,TS6
TS7 0,TS7
TS9 5,TS9
TS10 1,TS10
TS10 2,TS10
TS10 5,TS10
TS11 8,TS11
TS13 4,TS13
TS13 5,TS13
TS15 9,TS15
TS17 9,TS17
TS18 1,TS18
TS18 2,TS18
TS18 4,TS18
TS19 0,TS19
TS19 7,TS19
TS19 8,TS19
TS19 9,TS19
TS22 5,TS22
TS23 1,TS23
TS25 3,TS25
TS26 8,TS26
TS27 3,TS27
TS27 4,TS27
TW1 1,TW1
TW1 2,TW1
TW1 4,TW1
TW2 7,TW2
TW3 2,TW3
TW4 5,TW4
TW4 6,TW4
TW5 9,TW5
TW7 5,TW7
TW8 0,TW8
TW8 9,TW8
TW9 3,TW9
TW9 4,TW9
TW11 0,TW11
TW11 8,TW11
TW12 3,TW12
TW15 3,TW15
TW16 7,TW16
TW17 8,TW17
TW17 9,TW17
TW20 0,TW20
TW20 8,TW20
UB1 3,UB1
UB4 9,UB4
UB6 0,UB6
UB6 8,UB6
UB8 1,UB8
UB9 4,UB9
UB9 5,UB9
W1B 1,W1B
W1B 2,W1B
W1B 3,W1B
W1B 4,W1B
W1B 5,W1B
W1F 0,W1F
W1F 7,W1F
W1F 8,W1F
W1F 9,W1F
W1K 1,W1K
W1K 2,W1K
W1K 3,W1K
W1K 4,W1K
W1K 5,W1K
W1K 6,W1K
W1K 7,W1K
W1S 4,W1S
W1T 3,W1T
W1T 7,W1T
W1U 1,W1U
W1U 2,W1U
W1U 3,W1U
W1U 4,W1U
W1U 5,W1U
W1U 6,W1U
W1U 7,W1U
W1U 8,W1U
W2 2,W2
W2 3,W2
W3 0,W3
W3 7,W3
W4 1,W4
W4 3,W4
W4 4,W4
W4 5,W4
W4 9,W4
W5 1,W5
W5 2,W5
W5 3,W5
W5 4,W5
W5 5,W5
W6 0,W6
W8 5,W8
W8 7,W8
W9 1,W9
W9 3,W9
W10 4,W10
W11 1,W11
W11 3,W11
W11 4,W11
W12 0,W12
W12 7,W12
W12 8,W12
W12 9,W12
W13 0,W13
W13 9,W13
W14 0,W14
W14 8,W14
W14 9,W14
WA1 2,WA1
WA1 4,WA1
WA2 7,WA2
WA2 8,WA2
WA3 2,WA3
WA3 3,WA3
WA4 4,WA4
WA4 5,WA4
WA5 2,WA5
WA7 4,WA7
WA8 3,WA8
WA10 1,WA10
WA11 0,WA11
WA11 7,WA11
WA11 8,WA11
WA13 0,WA13
WA13 9,WA13
WA14 1,WA14
WA14 3,WA14
WA14 4,WA14
WA15 0,WA15
WA15 7,WA15
WA15 9,WA15
WA16 7,WA16
WA16 8,WA16
WA16 9,WA16
WC1B 3,WC1B
WC1B 4,WC1B
WC1B 5,WC1B
WC1X 8,WC1X
WC2E 7,WC2E
WC2E 8,WC2E
WC2E 9,WC2E
WC2H 9,WC2H
WD3 1,WD3
WD3 4,WD3
WD3 5,WD3
WD4 8,WD4
WD6 3,WD6
WD6 4,WD6
WD6 5,WD6
WD7 7,WD7
WD7 8,WD7
WD7 9,WD7
WD17 3,WD17
WD17 4,WD17
WD18 7,WD18
WD19 5,WD19
WD19 7,WD19
WD23 4,WD23
WD24 4,WD24
WD24 6,WD24
WD24 7,WD24
WD25 8,WD25
WD25 9,WD25
WF2 0,WF2
WF2 7,WF2
WF3 3,WF3
WF5 9,WF5
WF7 5,WF7
WF8 1,WF8
WF12 0,WF12
WF12 7,WF12
WF12 8,WF12
WF12 9,WF12
WF16 0,WF16
WF16 9,WF16
WF17 5,WF17
WF17 6,WF17
WF17 9,WF17
WN1 3,WN1
WN4 8,WN4
WN4 9,WN4
WR1 1,WR1
WR1 2,WR1
WR1 3,WR1
WR2 4,WR2
WR2 6,WR2
WR3 7,WR3
WR3 8,WR3
WR5 2,WR5
WR5 3,WR5
WR6 6,WR6
WR9 7,WR9
WR9 8,WR9
WR10 2,WR10
WR11 1,WR11
WR11 2,WR11
WR11 3,WR11
WR11 4,WR11
WR11 7,WR11
WR11 8,WR11
WR12 7,WR12
WR13 5,WR13
WR14 4,WR14
WR15 8,WR15
WS1 4,WS1
WS4 1,WS4
WS5 3,WS5
WS7 1,WS7
WS8 6,WS8
WS9 8,WS9
WS11 7,WS11
WS11 8,WS11
WS13 7,WS13
WS13 8,WS13
WS14 9,WS14
WS15 3,WS15
WV2 2,WV2
WV3 7,WV3
WV3 8,WV3
WV4 4,WV4
WV4 6,WV4
WV5 8,WV5
WV6 7,WV6
WV6 8,WV6
WV6 9,WV6
WV8 2,WV8
WV11 2,WV11
WV13 1,WV13
WV13 2,WV13
WV16 5,WV16
WV16 6,WV16
YO1 7,YO1
YO1 8,YO1
YO1 9,YO1
YO8 3,YO8
YO8 6,YO8
YO10 5,YO10
YO11 2,YO11
YO12 5,YO12
YO13 0,YO13
YO13 9,YO13
YO14 0,YO14
YO15 2,YO15
YO16 7,YO16
YO17 9,YO17
YO23 3,YO23
YO23 7,YO23
YO24 3,YO24
YO25 3,YO25
YO25 8,YO25
YO26 4,YO26
YO26 5,YO26
YO26 6,YO26
YO26 7,YO26
YO26 8,YO26
YO26 9,YO26
YO31 7,YO31
YO32 2,YO32
YO32 3,YO32
YO32 4,YO32
YO32 5,YO32
YO32 9,YO32
YO41 1,YO41
YO41 4,YO41
YO41 5,YO41
YO43 3,YO43
YO43 4,YO43
YO51 9,YO51
YO60 6,YO60
YO61 2,YO61
YO61 3,YO61
YO61 4,YO61